Number_of_Riders,Number_of_Drivers,Location_Category,Customer_Loyalty_Status,Number_of_Past_Rides,Average_Ratings,Time_of_Booking,Vehicle_Type,Expected_Ride_Duration,Historical_Cost_of_Ride,demand_multiplier,supply_multiplier,adjusted_ride_cost,profit_percentage
90,45,Urban,Silver,13,4.47,Night,1,90,284.257273,1.1111111111111112,0.8444444444444444,266.7105277530864,-6.172839506172842
58,39,Suburban,Silver,72,4.06,Evening,0,43,173.8747527,1.45,0.9743589743589743,245.6538172761538,41.28205128205127
42,31,Rural,Silver,0,3.99,Afternoon,1,76,329.795469,1.05,1.2258064516129032,424.47868429354844,28.709677419354847
89,28,Rural,Regular,67,4.31,Afternoon,1,134,470.2012318,1.0987654320987654,1.3571428571428572,701.1554523578484,49.11816578483246
78,22,Rural,Regular,74,3.77,Afternoon,0,149,579.6814224,1.95,1.7272727272727273,1952.4724272654544,236.8181818181818
59,35,Urban,Silver,83,3.51,Night,0,128,339.9553606,1.475,1.0857142857142856,544.4142274751429,60.14285714285714
93,43,Suburban,Regular,44,4.41,Afternoon,1,16,104.0615413,1.1481481481481481,0.8837209302325582,105.5852675722653,1.4642549526270496
62,39,Rural,Gold,83,3.59,Afternoon,1,47,235.8118636,1.55,0.9743589743589743,356.13637861641024,51.02564102564101
79,14,Rural,Silver,71,3.74,Evening,0,128,501.4125175,1.975,2.7142857142857144,2687.929245598214,436.07142857142856
42,6,Rural,Silver,21,3.85,Night,1,128,398.9933646,1.05,1.8333333333333333,768.0622268550001,92.50000000000001
86,17,Urban,Regular,99,4.69,Morning,0,167,669.2986265,1.0617283950617284,2.235294117647059,1588.429855774873,137.32752360203344
60,38,Rural,Gold,15,4.14,Evening,1,144,414.9901047,1.5,1.0,622.48515705,49.99999999999999
24,8,Rural,Gold,50,4.12,Morning,0,164,490.4107217,0.6,1.375,539.4517938700001,10.000000000000012
36,24,Suburban,Silver,88,4.22,Night,1,83,296.242876,0.9,1.5833333333333333,422.14609830000006,42.50000000000001
63,13,Rural,Regular,74,4.95,Afternoon,1,102,327.0888649,1.575,2.923076923076923,1505.866812635769,360.38461538461536
39,12,Urban,Silver,30,4.51,Afternoon,1,140,445.1368684,0.975,3.1666666666666665,1374.3600811850001,208.75
38,28,Rural,Silver,35,3.93,Afternoon,1,54,244.5361718,0.95,1.3571428571428572,315.2769929278572,28.92857142857144
46,14,Suburban,Silver,21,4.71,Afternoon,0,15,47.31430863,1.15,2.7142857142857144,147.68823479507142,212.14285714285714
33,7,Suburban,Gold,49,4.31,Evening,1,22,129.8082629,0.825,1.5714285714285714,168.28714083107138,29.64285714285712
31,7,Suburban,Silver,24,4.82,Evening,1,87,382.9481103,0.775,1.5714285714285714,481.42048152,25.71428571428572
96,45,Urban,Regular,6,4.95,Afternoon,1,11,82.77279318,1.1851851851851851,0.8444444444444444,82.84091893570368,0.08230452674895472
22,11,Suburban,Silver,79,4.48,Night,0,15,64.07117256,0.55,1.0,51.256938047999995,-20.0
74,16,Rural,Regular,6,3.97,Morning,0,139,390.6687658,1.85,2.375,1716.50088973375,339.375
24,12,Urban,Regular,10,3.6,Evening,1,45,212.166525,0.6,3.1666666666666665,537.48853,153.33333333333331
48,19,Suburban,Gold,72,3.81,Night,1,65,235.6581337,1.2,2.0,565.57952088,140.0
56,13,Rural,Regular,36,4.81,Evening,0,162,406.5574981,1.4,2.923076923076923,1663.7583768399998,309.23076923076917
72,33,Rural,Gold,66,4.39,Morning,1,30,182.4744271,1.8,1.1515151515151516,378.21972162545455,107.27272727272725
97,75,Urban,Silver,76,4.7,Night,0,158,652.6172973,1.1975308641975309,0.5066666666666667,625.2234848207407,-4.197530864197534
62,33,Suburban,Regular,39,3.91,Evening,1,129,403.2270984,1.55,1.1515151515151516,719.699275629091,78.4848484848485
57,38,Suburban,Silver,54,4.1,Night,1,131,537.7848595,1.425,1.0,766.3434247875001,42.50000000000001
25,7,Suburban,Silver,13,3.99,Morning,1,81,286.1314526,0.625,1.5714285714285714,359.70811183999996,25.714285714285705
75,56,Suburban,Gold,94,4.79,Evening,1,153,485.0546633,1.875,0.6785714285714286,727.5819949500001,50.000000000000014
39,9,Urban,Gold,39,4.64,Afternoon,1,48,171.0859835,0.975,1.2222222222222223,203.87746367083332,19.16666666666666
35,24,Suburban,Gold,73,3.76,Evening,1,105,485.8784537,0.875,1.5833333333333333,673.1441077302082,38.54166666666664
68,32,Suburban,Regular,34,3.58,Morning,0,77,294.7328865,1.7,1.1875,594.992014621875,101.875
96,43,Rural,Silver,97,3.68,Morning,1,91,392.8387204,1.1851851851851851,0.8837209302325582,411.4486511683032,4.73729543496985
28,11,Suburban,Gold,52,4.33,Afternoon,1,94,456.1809468,0.7,1.0,364.94475744000005,-19.999999999999993
25,15,Rural,Gold,65,4.88,Evening,1,101,502.5293208,0.625,2.533333333333333,1018.4594234880001,102.66666666666669
28,6,Suburban,Regular,2,4.29,Morning,0,89,244.2176617,0.7,1.8333333333333333,358.18590382666673,46.66666666666669
73,17,Rural,Regular,14,4.81,Evening,1,170,634.7265312,1.825,2.235294117647059,2589.310878748235,307.94117647058823
36,18,Urban,Silver,88,3.73,Night,1,92,345.4067683,0.9,2.111111111111111,656.2728597700001,90.00000000000001
56,10,Urban,Silver,55,4.5,Night,0,45,151.1521296,1.4,1.1,232.774279584,54.0
97,81,Suburban,Regular,52,4.56,Evening,0,125,530.7599939,1.1975308641975309,0.4691358024691358,508.4811793412346,-4.197530864197528
63,9,Rural,Regular,89,3.87,Afternoon,1,166,482.8501642,1.575,1.2222222222222223,929.486566085,92.50000000000001
78,33,Urban,Silver,35,4.46,Morning,1,116,355.9595075,1.95,1.1515151515151516,799.2908941136363,124.54545454545456
29,10,Suburban,Regular,25,3.77,Afternoon,0,91,303.9609626,0.725,1.1,267.48564708800006,-11.999999999999982
73,33,Suburban,Silver,60,3.88,Night,1,161,514.8771742,1.825,1.1515151515151516,1082.0221827506061,110.15151515151516
94,29,Urban,Regular,67,3.59,Evening,1,96,361.132355,1.1604938271604939,1.3103448275862069,549.1548625202214,52.064708386547466
54,28,Suburban,Silver,83,4.49,Night,0,32,80.26246462,1.35,1.3571428571428572,147.0523012502143,83.21428571428572
67,6,Rural,Gold,15,3.53,Night,0,123,420.6239113,1.675,1.8333333333333333,1291.6659276170833,207.08333333333337
23,8,Urban,Silver,27,4.73,Afternoon,0,117,520.8926706,0.575,1.375,572.98193766,10.0
70,14,Urban,Silver,16,4.3,Morning,0,53,183.075791,1.75,2.7142857142857144,869.6100072500001,375.00000000000006
20,10,Rural,Silver,70,4.92,Evening,0,65,190.1374636,0.5,1.1,167.32096796800002,-11.999999999999986
95,84,Suburban,Gold,18,3.86,Afternoon,1,112,522.3021029,1.1728395061728396,0.4523809523809524,490.0612323506174,-6.172839506172824
43,16,Urban,Silver,40,4.89,Night,1,106,410.6863449,1.075,2.375,1048.5335743228125,155.3125
97,55,Suburban,Silver,94,4.62,Evening,1,150,584.9958711,1.1975308641975309,0.6909090909090909,560.4404888562964,-4.197530864197523
32,20,Rural,Silver,44,3.55,Night,0,68,301.6226264,0.8,1.9,458.466392128,52.0
95,25,Suburban,Regular,72,4.16,Morning,1,128,413.587084,1.1728395061728396,1.52,737.3083324641976,78.27160493827164
47,15,Urban,Gold,14,4.84,Night,0,89,273.1181046,1.175,2.533333333333333,812.9815580259999,197.66666666666669
25,11,Rural,Silver,33,3.85,Night,0,94,247.1745627,0.625,1.0,197.73965016,-20.0
37,22,Rural,Regular,76,4.72,Afternoon,0,69,213.4432508,0.925,1.7272727272727273,341.0241029827273,59.7727272727273
59,39,Suburban,Gold,49,3.78,Morning,1,98,295.7943802,1.475,0.9743589743589743,425.10961564641025,43.71794871794872
42,20,Urban,Silver,88,4.64,Night,1,29,145.0698092,1.05,1.9,289.414269354,99.49999999999999
53,11,Rural,Regular,2,3.5,Afternoon,1,81,297.0186264,1.325,1.0,393.54967998,32.49999999999999
79,64,Rural,Regular,91,4.57,Night,0,164,666.6870291,1.975,0.59375,1053.365505978,58.00000000000001
59,23,Urban,Gold,41,4.97,Evening,1,91,449.5456339,1.475,1.6521739130434783,1095.5231643519564,143.69565217391303
40,29,Urban,Regular,72,4.3,Afternoon,0,147,624.98601,1.0,1.3103448275862069,818.9471855172413,31.03448275862069
76,40,Suburban,Silver,77,4.17,Morning,0,28,96.03520852,1.9,0.95,173.34355137859998,80.49999999999999
41,26,Urban,Regular,96,3.91,Night,0,169,637.7593916,1.025,1.4615384615384615,955.4126270315382,49.807692307692285
83,14,Urban,Regular,80,4.77,Night,1,64,295.588711,1.0246913580246915,2.7142857142857144,822.1223937336861,178.1305114638448
44,17,Rural,Regular,15,4.0,Evening,0,98,353.3385451,1.1,2.235294117647059,868.79712854,145.8823529411765
91,73,Urban,Gold,61,4.39,Night,0,15,62.25429042,1.123456790123457,0.5205479452054794,55.95200422933334,-10.12345679012344
54,16,Suburban,Regular,8,4.5,Afternoon,1,67,266.0685899,1.35,2.375,853.0824163668751,220.62500000000003
59,37,Rural,Silver,86,4.67,Night,1,95,340.1282671,1.475,1.027027027027027,515.2483613771622,51.486486486486484
72,43,Suburban,Gold,28,4.87,Afternoon,0,132,443.2581554,1.8,0.8837209302325582,705.0897169618605,59.06976744186046
47,9,Rural,Gold,49,4.44,Evening,0,96,265.0552744,1.175,1.2222222222222223,380.64882462444444,43.61111111111112
32,22,Rural,Silver,49,4.65,Night,0,60,221.4343855,0.8,1.7272727272727273,305.98205996363635,38.18181818181818
45,13,Rural,Regular,96,4.84,Night,0,112,393.2308288,1.125,2.923076923076923,1293.1244562461538,228.84615384615387
72,45,Urban,Silver,82,4.42,Night,1,40,151.5804041,1.8,0.8444444444444444,230.402214232,51.99999999999999
56,15,Urban,Gold,34,4.72,Night,1,78,313.9950046,1.4,2.533333333333333,1113.6356163146665,254.6666666666666
42,22,Rural,Silver,67,3.81,Afternoon,1,82,366.1515261,1.05,1.7272727272727273,664.0657223359092,81.36363636363639
52,14,Suburban,Silver,87,3.54,Afternoon,1,98,425.9735688,1.3,2.7142857142857144,1503.0781641942858,252.85714285714283
81,23,Urban,Gold,39,4.3,Evening,0,143,359.053128,2.025,1.6521739130434783,1201.2668782434782,234.56521739130434
77,25,Rural,Regular,70,4.27,Afternoon,1,52,260.3441798,1.925,1.52,761.7670700948,192.60000000000002
27,6,Urban,Gold,2,4.42,Night,0,86,320.3017092,0.675,1.8333333333333333,469.77584016000003,46.66666666666667
74,34,Rural,Regular,18,4.66,Morning,1,140,454.4921215,1.85,1.1176470588235294,939.7292982779412,106.76470588235296
92,69,Urban,Silver,88,4.69,Afternoon,0,18,45.1150237,1.1358024691358024,0.5507246376811594,40.9934042508642,-9.135802469135795
77,34,Rural,Gold,33,4.13,Night,1,48,223.6621143,1.925,1.1176470588235294,481.2024606189706,115.1470588235294
66,6,Rural,Regular,23,4.2,Evening,0,45,173.1577543,1.65,1.8333333333333333,523.8022067575,202.50000000000003
77,39,Urban,Regular,23,4.29,Morning,0,167,592.2404996,1.925,0.9743589743589743,1110.8305780958974,87.56410256410255
35,16,Urban,Regular,31,4.75,Afternoon,1,113,379.3078104,0.875,2.375,788.2490434875,107.8125
48,38,Rural,Gold,40,3.7,Evening,1,80,360.7111703,1.2,1.0,432.85340435999996,19.99999999999999
61,18,Rural,Gold,84,3.93,Evening,1,58,203.4926184,1.525,2.111111111111111,655.1331797933334,221.9444444444445
71,21,Suburban,Silver,82,4.88,Afternoon,1,126,553.5451308,1.775,1.8095238095238095,1777.9342415457143,221.1904761904762
95,7,Rural,Gold,40,4.68,Evening,0,95,283.4664425,1.1728395061728396,1.5714285714285714,522.4381524029983,84.30335097001765
76,44,Suburban,Gold,20,3.56,Afternoon,1,105,435.1453451,1.9,0.8636363636363636,714.0339526413636,64.0909090909091
32,13,Suburban,Regular,21,4.64,Afternoon,0,156,685.7681265,0.8,2.923076923076923,1603.642388123077,133.84615384615384
49,30,Rural,Silver,57,4.83,Evening,0,154,630.8608869,1.225,1.2666666666666666,978.8858095065,55.16666666666667
38,17,Urban,Silver,92,4.41,Afternoon,1,138,546.1568748,0.95,2.235294117647059,1159.780187075294,112.35294117647057
92,35,Suburban,Regular,46,4.72,Morning,0,45,115.3570025,1.1358024691358024,1.0857142857142856,142.2532912663139,23.315696649029967
40,29,Suburban,Silver,26,4.26,Night,0,152,404.0498951,1.0,1.3103448275862069,529.4446901310345,31.03448275862068
55,42,Suburban,Silver,24,4.49,Afternoon,0,45,156.0383299,1.375,0.9047619047619048,194.11911279226192,24.404761904761905
58,34,Rural,Gold,19,4.55,Morning,1,131,501.2629551,1.45,1.1176470588235294,812.3408478238235,62.05882352941177
34,5,Urban,Regular,26,4.85,Evening,1,152,562.4369765,0.85,2.2,1051.757146055,87.0
70,47,Suburban,Silver,3,3.66,Morning,1,53,216.8024751,1.75,0.8085106382978723,306.75243817340424,41.489361702127646
51,24,Rural,Gold,25,4.68,Afternoon,1,16,120.0906902,1.275,1.5833333333333333,242.43308084124996,101.87499999999999
88,56,Rural,Regular,11,4.36,Afternoon,0,60,221.1576533,1.0864197530864197,0.6785714285714286,192.2160344730864,-13.086419753086421
25,8,Suburban,Silver,83,3.53,Evening,0,121,492.7012709,0.625,1.375,541.97139799,10.000000000000004
34,19,Rural,Regular,51,4.2,Night,1,166,754.23448,0.85,2.0,1282.198616,70.0
40,15,Urban,Regular,90,3.62,Night,1,42,211.5277288,1.0,2.533333333333333,535.8702462933334,153.33333333333337
26,7,Suburban,Gold,58,4.91,Afternoon,0,161,460.7592754,0.65,1.5714285714285714,579.2402319314285,25.71428571428571
81,42,Suburban,Regular,88,4.14,Afternoon,0,47,164.1074735,2.025,0.9047619047619048,300.6683353767857,83.21428571428571
80,56,Suburban,Gold,63,4.57,Night,1,43,213.696213,2.0,0.6785714285714286,341.91394080000003,60.00000000000002
64,19,Rural,Gold,86,4.68,Night,1,171,732.9893961,1.6,2.0,2345.56606752,220.00000000000003
45,18,Rural,Gold,68,4.07,Morning,0,136,350.6012026,1.125,2.111111111111111,832.6778561750001,137.50000000000003
84,49,Urban,Regular,32,4.25,Night,1,53,192.8798062,1.037037037037037,0.7755102040816326,160.01880218074072,-17.03703703703704
34,16,Urban,Silver,47,4.12,Evening,0,93,294.1158059,0.85,2.375,593.7462831606249,101.87499999999996
67,32,Suburban,Regular,40,4.47,Afternoon,1,13,82.52418775,1.675,1.1875,164.14576719648437,98.90625
93,23,Suburban,Silver,34,4.23,Evening,1,125,386.1690694,1.1481481481481481,1.6521739130434783,732.5397161887279,89.69404186795491
100,51,Urban,Silver,56,3.58,Night,0,89,310.9003273,1.2345679012345678,0.7450980392156863,307.062051654321,-1.2345679012345654
35,22,Suburban,Gold,15,4.23,Morning,1,120,373.9628407,0.875,1.7272727272727273,565.1938387852273,51.13636363636363
36,13,Rural,Silver,31,4.71,Night,0,71,221.5511001,0.9,2.923076923076923,582.8498171861539,163.07692307692312
28,18,Suburban,Regular,100,3.7,Afternoon,0,127,531.112701,0.7,2.111111111111111,896.9903394666668,68.88888888888891
21,9,Urban,Gold,10,3.88,Morning,1,108,324.9426389,0.525,1.2222222222222223,317.7216913688889,-2.222222222222221
26,15,Urban,Regular,35,5.0,Morning,1,161,493.4068923,0.65,2.533333333333333,999.9713017280001,102.66666666666669
97,21,Suburban,Regular,59,3.87,Evening,1,174,778.633356,1.1975308641975309,1.8095238095238095,1687.2678131781306,116.69606114050559
26,15,Urban,Silver,10,3.71,Morning,1,171,720.1572086,0.65,2.533333333333333,1459.5186094293335,102.6666666666667
91,56,Urban,Gold,17,4.66,Night,0,10,38.23523524,1.123456790123457,0.6785714285714286,34.36450772187655,-10.123456790123445
65,48,Rural,Silver,12,4.37,Afternoon,1,140,573.5891065,1.625,0.7916666666666666,745.66583845,30.000000000000014
88,28,Urban,Gold,22,4.99,Night,1,154,682.016247,1.0864197530864197,1.3571428571428572,1005.5830379047619,47.44268077601411
82,13,Suburban,Gold,32,3.58,Night,0,148,516.4367273,1.0123456790123457,2.923076923076923,1528.221122760494,195.9164292497626
65,40,Urban,Silver,48,3.59,Evening,0,121,492.5196024,1.625,0.95,760.327136205,54.37499999999999
41,6,Urban,Silver,56,4.32,Night,0,11,49.234784,1.025,1.8333333333333333,92.52036493333331,87.91666666666663
85,36,Rural,Silver,64,4.32,Evening,0,152,506.6928861,1.0493827160493827,1.0555555555555556,561.2544657417695,10.768175582990395
35,13,Rural,Silver,80,3.8,Afternoon,0,93,304.3133395,0.875,2.923076923076923,778.3398875673076,155.76923076923077
83,29,Urban,Silver,78,4.42,Afternoon,1,23,111.1793412,1.0246913580246915,1.3103448275862069,149.28039256909324,34.269902085994055
91,31,Urban,Regular,12,4.39,Night,0,39,163.2145833,1.123456790123457,1.2258064516129032,224.76942614551973,37.71405814416569
44,28,Rural,Regular,31,4.92,Night,1,132,402.8569895,1.1,1.3571428571428572,601.407934325,49.2857142857143
96,12,Suburban,Gold,15,4.97,Night,0,90,289.2351909,1.1851851851851851,3.1666666666666665,1085.5246670814815,275.3086419753086
77,46,Suburban,Regular,97,4.2,Afternoon,1,25,150.5392948,1.925,0.8260869565217391,239.39020466565216,59.02173913043478
91,80,Rural,Gold,74,4.74,Night,0,46,194.9355593,1.123456790123457,0.475,175.20134218567904,-10.12345679012344
93,42,Rural,Silver,75,4.66,Morning,0,160,674.6485036,1.1481481481481481,0.9047619047619048,700.825341482187,3.880070546737219
41,9,Rural,Silver,73,3.51,Morning,0,150,551.557234,1.025,1.2222222222222223,690.9786459277777,25.27777777777777
61,44,Suburban,Regular,69,4.54,Afternoon,0,52,132.2147646,1.525,0.8636363636363636,174.13285474022726,31.704545454545446
83,10,Urban,Gold,28,3.91,Afternoon,0,23,70.11182411,1.0246913580246915,1.1,79.02727828695063,12.716049382716072
59,22,Rural,Regular,79,4.38,Morning,1,93,346.2847096,1.475,1.7272727272727273,882.2389987763636,154.77272727272725
42,31,Suburban,Gold,62,4.95,Night,1,13,102.0447303,1.05,1.2258064516129032,131.34144319258064,28.70967741935484
81,16,Suburban,Regular,73,4.89,Night,0,125,494.1401793,2.025,2.375,2376.5054248209376,380.9375
72,19,Rural,Gold,89,4.74,Morning,1,45,183.6583147,1.8,2.0,661.1699329200001,260.0
43,9,Rural,Silver,2,4.12,Morning,0,126,436.5576476,1.075,1.2222222222222223,573.5882425411111,31.388888888888882
74,33,Urban,Silver,82,4.13,Afternoon,0,10,31.36208132,1.85,1.1515151515151516,66.81073687260607,113.03030303030306
68,45,Rural,Silver,65,4.19,Evening,0,112,323.4791093,1.7,0.8444444444444444,464.37223246177774,43.55555555555554
36,13,Urban,Silver,84,4.88,Evening,1,140,505.3840569,0.9,2.923076923076923,1329.5488266138461,163.07692307692307
51,5,Urban,Gold,0,4.59,Afternoon,1,92,320.8576216,1.275,2.2,900.0056285880001,180.50000000000003
63,23,Urban,Silver,48,4.09,Evening,0,49,214.5660524,1.575,1.6521739130434783,558.33818418,160.2173913043478
96,29,Urban,Regular,84,3.65,Night,0,176,758.5015334,1.1851851851851851,1.3103448275862069,1177.9538500822478,55.30012771392082
94,59,Suburban,Regular,84,4.38,Morning,1,175,665.7295341,1.1604938271604939,0.6440677966101694,618.0600119051852,-7.160493827160494
74,32,Suburban,Regular,2,4.7,Evening,1,38,171.0663629,1.85,1.1875,375.81141599593747,119.68749999999997
91,13,Rural,Silver,32,3.6,Morning,1,160,647.3526381,1.123456790123457,2.923076923076923,2125.874095488889,228.39506172839506
69,12,Suburban,Regular,42,4.34,Afternoon,1,158,608.12824,1.725,3.1666666666666665,3321.9005110000003,446.25000000000006
51,20,Rural,Silver,57,3.68,Night,0,67,246.9229249,1.275,1.9,598.17078557025,142.25
45,17,Rural,Gold,10,4.93,Night,1,148,430.0665305,1.125,2.235294117647059,1081.4908340514705,151.47058823529412
92,34,Suburban,Regular,98,3.99,Night,0,140,396.6387527,1.1358024691358024,1.1176470588235294,503.5036599270878,26.94262890341321
69,36,Suburban,Gold,55,4.74,Morning,0,109,436.0114486,1.725,1.0555555555555556,793.9041793258334,82.08333333333336
56,14,Suburban,Silver,30,3.67,Night,0,48,202.9454569,1.4,2.7142857142857144,771.19273622,280.0
43,26,Rural,Regular,59,4.91,Afternoon,0,175,731.7816872,1.075,1.4615384615384615,1149.7416123892306,57.11538461538459
86,48,Urban,Silver,37,4.15,Night,0,84,216.0505481,1.0617283950617284,0.7916666666666666,183.5096013491358,-15.06172839506172
61,34,Urban,Gold,82,3.99,Night,1,10,83.8683562,1.525,1.1176470588235294,142.9462129938235,70.44117647058822
50,36,Suburban,Gold,18,4.61,Night,0,145,572.2420493,1.25,1.0555555555555556,755.0415928263889,31.944444444444446
73,34,Urban,Regular,95,4.31,Morning,1,21,118.8070474,1.825,1.1176470588235294,242.3314334467647,103.9705882352941
76,7,Urban,Gold,76,4.35,Morning,0,72,245.8935712,1.9,1.5714285714285714,734.1679482971427,198.57142857142853
87,41,Urban,Regular,87,4.36,Night,0,87,387.1117403,1.0740740740740742,0.926829268292683,385.36326812158995,-0.4516711833784841
53,33,Rural,Regular,40,3.8,Morning,1,139,507.9505747,1.325,1.1515151515151516,775.0094374589395,52.5757575757576
71,8,Suburban,Silver,57,3.68,Night,0,75,249.3029746,1.775,1.375,608.455072383125,144.0625
32,5,Rural,Gold,80,3.55,Night,0,14,45.91711193,0.8,2.2,80.81411699680001,76.00000000000003
91,30,Suburban,Gold,34,3.69,Afternoon,0,96,424.6120578,1.123456790123457,1.2666666666666666,604.2421793713581,42.30452674897121
47,37,Suburban,Gold,64,3.75,Morning,0,31,85.9735753,1.175,1.027027027027027,103.74919289581081,20.67567567567568
23,13,Rural,Silver,42,4.55,Night,0,87,328.9669926,0.575,2.923076923076923,769.2766596184616,133.84615384615387
57,20,Rural,Regular,92,3.74,Morning,0,53,172.6294341,1.425,1.9,467.39419282575,170.74999999999997
48,17,Suburban,Silver,2,4.09,Evening,0,85,261.9435329,1.2,2.235294117647059,702.6250058964705,168.23529411764704
22,5,Urban,Gold,39,4.92,Evening,0,56,199.0416803,0.55,2.2,350.31335732800005,76.00000000000003
60,19,Urban,Silver,37,4.22,Evening,0,68,232.2834549,1.5,2.0,696.8503647,199.99999999999997
94,42,Rural,Regular,0,4.23,Morning,1,36,185.3118381,1.1604938271604939,0.9047619047619048,194.57198286102292,4.997060552616109
43,6,Suburban,Silver,34,4.4,Morning,1,24,153.7614397,1.075,1.8333333333333333,303.0381707420833,97.0833333333333
97,18,Suburban,Regular,53,4.25,Night,1,26,126.4771353,1.1975308641975309,2.111111111111111,319.74946551152266,152.81207133058987
47,17,Rural,Silver,7,4.8,Morning,0,173,609.5038276,1.175,2.235294117647059,1600.8438766082354,162.64705882352942
39,28,Urban,Silver,72,3.76,Afternoon,1,87,287.1624376,0.975,1.3571428571428572,379.9774397528571,32.32142857142857
50,39,Suburban,Regular,94,3.81,Evening,1,139,406.3248065,1.25,0.9743589743589743,494.8827771474359,21.79487179487179
35,17,Urban,Regular,78,4.4,Evening,1,61,249.0371127,0.875,2.235294117647059,487.087293957353,95.58823529411768
28,8,Suburban,Regular,69,3.86,Evening,1,175,620.9016916,0.7,1.375,682.9918607600001,10.000000000000012
51,32,Rural,Regular,98,4.44,Morning,1,51,267.0607017,1.275,1.1875,404.3465936676562,51.406249999999986
54,12,Suburban,Silver,84,4.98,Evening,1,172,715.7547931,1.35,3.1666666666666665,3059.8517405025004,327.50000000000006
65,10,Urban,Regular,77,4.36,Afternoon,0,170,430.3854879,1.625,1.1,769.3140596212501,78.75000000000001
61,26,Rural,Gold,21,3.85,Morning,1,126,604.273047,1.525,1.4615384615384615,1346.831656678846,122.88461538461534
46,9,Suburban,Silver,67,4.22,Evening,1,47,243.5250632,1.15,1.2222222222222223,342.2880054977778,40.555555555555564
73,50,Urban,Regular,7,4.22,Night,0,45,176.2144067,1.825,0.76,257.273033782,46.00000000000001
86,49,Urban,Regular,99,3.51,Night,0,130,471.4796321,1.0617283950617284,0.7755102040816326,400.4666504750617,-15.06172839506173
75,7,Suburban,Gold,100,4.13,Morning,0,134,453.3769494,1.875,1.5714285714285714,1335.8427973392857,194.6428571428571
39,29,Suburban,Silver,12,4.24,Evening,0,97,251.1073065,0.975,1.3103448275862069,320.8112312353448,27.75862068965516
33,6,Rural,Gold,90,4.81,Night,1,139,521.8019208,0.825,1.8333333333333333,789.2254052099998,51.249999999999986
40,29,Suburban,Silver,6,4.94,Night,1,71,346.4926515,1.0,1.3103448275862069,454.0248536896552,31.03448275862068
54,35,Suburban,Silver,66,4.4,Night,0,77,234.0714535,1.35,1.0857142857142856,343.08187327285714,46.57142857142858
53,26,Urban,Gold,54,4.6,Night,1,52,184.0244513,1.325,1.4615384615384615,356.3704278059615,93.65384615384613
81,34,Urban,Silver,98,3.55,Afternoon,1,164,554.8869659,2.025,1.1176470588235294,1255.839765470735,126.32352941176468
45,20,Urban,Regular,80,4.73,Morning,0,63,192.6197724,1.125,1.9,411.72476350499994,113.74999999999997
20,9,Urban,Silver,77,3.91,Evening,0,89,227.7965248,0.5,1.2222222222222223,222.73437980444444,-2.2222222222222165
47,22,Rural,Silver,11,4.8,Afternoon,1,119,416.601649,1.175,1.7272727272727273,845.5119830840911,102.9545454545455
33,18,Urban,Gold,90,3.61,Evening,1,146,671.7128294,0.825,2.111111111111111,1169.8998445383334,74.16666666666666
78,57,Rural,Silver,5,4.82,Morning,1,127,552.6397714,1.95,0.6666666666666666,862.118043384,56.00000000000001
26,12,Rural,Silver,9,3.75,Afternoon,0,115,321.3724051,0.65,3.1666666666666665,814.1434262533332,153.33333333333331
62,21,Rural,Regular,61,4.57,Night,0,56,215.4338699,1.55,1.8095238095238095,604.2407112909524,180.4761904761905
84,59,Suburban,Silver,67,4.27,Morning,1,164,758.9961232,1.037037037037037,0.6440677966101694,629.6856725807407,-17.03703703703704
49,8,Urban,Regular,1,4.06,Afternoon,1,157,694.4247149,1.225,1.375,1169.6716291596877,68.43750000000001
34,22,Suburban,Gold,34,3.64,Morning,0,176,617.3632185,0.85,1.7272727272727273,906.4014526159092,46.818181818181834
49,30,Rural,Silver,86,3.62,Afternoon,1,69,328.635369,1.225,1.2666666666666666,509.93254756500005,55.16666666666667
83,50,Rural,Regular,7,3.66,Evening,1,100,376.3000601,1.0246913580246915,0.76,308.4731356869136,-18.02469135802468
88,5,Urban,Silver,89,3.59,Night,0,27,70.20380337,1.0864197530864197,2.2,167.79575719051851,139.01234567901233
90,71,Suburban,Gold,88,3.84,Morning,0,167,451.684865,1.1111111111111112,0.5352112676056338,401.4976577777778,-11.111111111111102
65,5,Rural,Silver,24,3.54,Night,0,119,301.4039268,1.625,2.2,1077.51903831,257.5
73,28,Urban,Silver,22,4.57,Afternoon,0,53,153.3960711,1.825,1.3571428571428572,379.9291975280357,147.6785714285714
85,62,Suburban,Silver,54,3.78,Morning,0,114,339.6623042,1.0493827160493827,0.6129032258064516,285.14860105679014,-16.049382716049376
65,27,Rural,Gold,62,3.54,Night,1,162,733.4425367,1.625,1.4074074074074074,1677.4102459712965,128.70370370370372
74,42,Urban,Gold,88,3.5,Evening,0,77,203.836381,1.85,0.9047619047619048,341.18327581666665,67.38095238095238
41,7,Rural,Gold,68,4.3,Evening,1,66,284.5088586,1.025,1.5714285714285714,458.26248295928565,61.071428571428555
79,23,Urban,Gold,88,3.88,Night,0,164,492.1134584,1.975,1.6521739130434783,1605.7876109965218,226.30434782608694
53,7,Urban,Silver,64,4.55,Night,1,10,86.19117981,1.325,1.5714285714285714,179.4623493901071,108.21428571428568
35,14,Urban,Silver,74,5.0,Night,1,175,727.8809448,0.875,2.7142857142857144,1728.7172438999999,137.5
53,40,Rural,Gold,79,3.66,Evening,1,30,158.6526416,1.325,0.95,199.704012614,25.874999999999986
36,23,Urban,Silver,42,4.66,Morning,0,14,44.52503661,0.9,1.6521739130434783,66.20679356791305,48.69565217391306
38,25,Urban,Regular,2,4.24,Morning,1,128,452.4258269,0.95,1.52,653.3028940436,44.39999999999999
52,36,Rural,Silver,1,4.52,Morning,1,36,152.6404792,1.3,1.0555555555555556,209.4566575688889,37.222222222222236
91,64,Suburban,Regular,26,4.56,Morning,1,96,420.2245689,1.123456790123457,0.59375,377.683316245926,-10.123456790123441
87,5,Urban,Silver,59,4.32,Night,0,42,151.3593007,1.0740740740740742,2.2,357.65642165407417,136.29629629629633
96,20,Suburban,Gold,88,3.6,Evening,1,71,242.2719657,1.1851851851851851,1.9,545.5605746133333,125.18518518518516
83,59,Urban,Gold,8,4.85,Morning,0,31,119.0485544,1.0246913580246915,0.6440677966101694,97.59041990320989,-18.02469135802468
48,23,Rural,Gold,0,4.46,Afternoon,0,174,472.5695408,1.2,1.6521739130434783,936.9204808904348,98.26086956521738
65,19,Suburban,Silver,24,4.59,Evening,0,96,334.6493506,1.625,2.0,1087.61038945,225.0
79,29,Suburban,Silver,0,4.86,Morning,0,127,406.0855257,1.975,1.3103448275862069,1050.9213346132758,158.79310344827584
100,22,Suburban,Silver,45,4.23,Night,1,141,551.3651376,1.2345679012345678,1.7272727272727273,1175.750574006734,113.24354657687992
73,63,Suburban,Silver,25,4.19,Afternoon,0,129,534.0181946,1.825,0.6031746031746031,779.666564116,46.0
79,67,Rural,Gold,56,4.01,Evening,1,151,501.2363001,1.975,0.5671641791044776,791.953354158,58.00000000000001
88,55,Rural,Regular,56,4.0,Night,1,26,159.6069186,1.0864197530864197,0.6909090909090909,138.72008727703704,-13.086419753086421
76,34,Suburban,Silver,10,4.92,Morning,0,103,359.801051,1.9,1.1176470588235294,764.0481141823528,112.35294117647057
49,30,Suburban,Silver,80,3.74,Night,0,85,348.6695625,1.225,1.2666666666666666,541.0189378125,55.16666666666667
100,64,Rural,Regular,7,4.89,Night,1,115,490.504076,1.2345679012345678,0.59375,484.4484701234568,-1.2345679012345683
87,26,Rural,Gold,63,4.2,Morning,1,118,485.6832395,1.0740740740740742,1.4615384615384615,762.4258261096867,56.98005698005699
22,5,Rural,Silver,93,4.85,Evening,0,99,424.9275102,0.55,2.2,747.8724179520001,76.00000000000003
21,11,Rural,Silver,23,3.76,Afternoon,0,12,40.44289065,0.525,1.0,32.35431252,-20.000000000000004
93,57,Suburban,Regular,34,4.89,Morning,1,80,258.4249153,1.1481481481481481,0.6666666666666666,237.36807034962965,-8.148148148148145
28,15,Rural,Gold,90,4.25,Night,1,177,511.929391,0.7,2.533333333333333,1037.5102324266668,102.66666666666669
97,7,Urban,Silver,22,3.74,Afternoon,1,147,441.746701,1.1975308641975309,1.5714285714285714,831.2940563791886,88.18342151675485
48,12,Urban,Silver,51,4.63,Night,1,32,175.5180543,1.2,3.1666666666666665,666.96860634,280.0
70,37,Urban,Silver,10,3.65,Night,1,168,658.5834277,1.75,1.027027027027027,1183.67021465,79.72972972972971
78,12,Rural,Silver,99,4.3,Afternoon,0,95,299.2909931,1.95,3.1666666666666665,1848.1218823924999,517.5
25,7,Rural,Regular,24,3.85,Evening,1,144,494.8027992,0.625,1.5714285714285714,622.0378047085713,25.7142857142857
24,9,Urban,Gold,6,4.05,Afternoon,1,69,223.519012,0.6,1.2222222222222223,218.55192284444448,-2.2222222222222094
92,37,Rural,Silver,7,4.92,Morning,1,103,434.5710508,1.1358024691358024,1.027027027027027,506.92705825719054,16.64998331664998
43,33,Rural,Gold,16,4.01,Morning,1,159,630.4284013,1.075,1.1515151515151516,780.3939452456061,23.787878787878793
96,23,Urban,Gold,8,4.23,Morning,1,90,445.1254111,1.1851851851851851,1.6521739130434783,871.614331558132,95.81320450885667
88,46,Rural,Gold,35,4.89,Afternoon,1,72,361.985521,1.0864197530864197,0.8260869565217391,324.8737472420827,-10.252281266774014
83,43,Suburban,Regular,20,3.59,Morning,0,63,267.2821971,1.0246913580246915,0.8837209302325582,242.0350415312662,-9.44587998851564
50,29,Urban,Regular,2,4.81,Morning,0,143,518.954763,1.25,1.3103448275862069,850.0121118103447,63.79310344827584
97,75,Urban,Regular,15,4.94,Afternoon,0,163,575.4934492,1.1975308641975309,0.5066666666666667,551.336934048395,-4.19753086419753
84,24,Suburban,Regular,39,4.08,Afternoon,0,86,349.4432162,1.037037037037037,1.5833333333333333,573.7771327728394,64.1975308641975
68,40,Suburban,Silver,58,4.64,Morning,1,68,279.2349662,1.7,0.95,450.96447041299996,61.5
77,30,Urban,Regular,99,4.7,Evening,1,179,689.7483155,1.925,1.2666666666666666,1681.8363092941668,143.83333333333334
82,67,Urban,Regular,13,4.43,Afternoon,0,33,88.76294359,1.0123456790123457,0.5671641791044776,71.88702591980248,-19.012345679012334
21,8,Suburban,Gold,37,3.71,Evening,1,171,621.7963495,0.525,1.375,683.97598445,10.000000000000005
75,24,Rural,Regular,44,3.79,Night,1,72,307.6219494,1.875,1.5833333333333333,913.25266228125,196.875
61,9,Urban,Gold,74,3.98,Evening,1,32,172.4105313,1.525,1.2222222222222223,321.35407361750003,86.3888888888889
90,13,Suburban,Regular,24,3.73,Afternoon,0,126,444.2453021,1.1111111111111112,2.923076923076923,1442.8479897264958,224.7863247863248
100,21,Suburban,Regular,20,3.52,Night,1,163,556.8967118,1.2345679012345678,1.8095238095238095,1244.0961227748382,123.39800117577893
93,31,Suburban,Gold,13,3.58,Afternoon,1,101,355.3245755,1.1481481481481481,1.2258064516129032,500.08643959259257,40.74074074074075
92,14,Urban,Silver,57,3.73,Morning,1,133,474.9977391,1.1358024691358024,2.7142857142857144,1464.3669275957673,208.28924162257496
61,12,Rural,Gold,59,4.72,Afternoon,1,178,581.9712306,1.525,3.1666666666666665,2810.4360677724994,382.9166666666665
53,12,Suburban,Gold,79,3.6,Night,1,154,663.4393972,1.325,3.1666666666666665,2783.681137418333,319.58333333333326
55,21,Urban,Regular,20,3.56,Night,1,134,519.4694924,1.375,1.8095238095238095,1292.4895703761906,148.80952380952382
57,45,Rural,Gold,78,4.43,Afternoon,1,112,397.6919501,1.425,0.8444444444444444,478.5559799536667,20.333333333333343
34,8,Suburban,Silver,51,4.09,Afternoon,1,130,388.1122299,0.85,1.375,453.60616869562494,16.87499999999999
50,11,Suburban,Silver,19,4.87,Morning,0,144,591.100076,1.25,1.0,738.8750949999999,24.999999999999993
35,22,Rural,Silver,82,3.79,Afternoon,0,174,586.7988633,0.875,1.7272727272727273,886.8664638511364,51.13636363636363
43,14,Suburban,Regular,1,3.53,Night,1,134,648.9097429,1.075,2.7142857142857144,1893.425928390357,191.7857142857143
50,25,Suburban,Silver,19,4.32,Night,0,176,746.3391325,1.25,1.52,1418.04435175,90.0
55,19,Urban,Regular,64,4.34,Morning,1,129,555.0976878,1.375,2.0,1526.5186414500001,175.00000000000003
93,67,Urban,Silver,21,4.88,Night,1,87,417.9131413,1.1481481481481481,0.5671641791044776,383.8609594162963,-8.148148148148152
94,69,Urban,Silver,86,4.12,Morning,1,18,97.80093622,1.1604938271604939,0.5507246376811594,90.79790621906173,-7.16049382716049
70,60,Urban,Regular,57,4.05,Afternoon,1,43,193.089112,1.75,0.6333333333333333,270.32475680000005,40.00000000000002
36,25,Suburban,Regular,61,3.64,Night,0,132,492.4640116,0.9,1.52,673.6907678688001,36.80000000000002
37,9,Suburban,Silver,73,4.8,Morning,0,124,408.8156288,0.925,1.2222222222222223,462.18878033777787,13.055555555555575
68,46,Urban,Gold,8,4.21,Afternoon,0,116,364.1617948,1.7,0.8260869565217391,511.4098248713043,40.43478260869564
77,15,Suburban,Regular,47,4.47,Morning,0,66,228.6434979,1.925,2.533333333333333,1115.018124759,387.6666666666667
27,12,Suburban,Silver,64,4.7,Evening,0,149,667.946428,0.675,3.1666666666666665,1692.1309509333332,153.33333333333331
90,56,Suburban,Silver,61,4.38,Night,1,91,410.342709,1.1111111111111112,0.6785714285714286,364.74907466666673,-11.1111111111111
46,23,Suburban,Regular,19,4.92,Afternoon,0,169,710.4192642,1.15,1.6521739130434783,1349.79660198,90.0
96,80,Urban,Regular,47,3.77,Morning,0,70,177.2030658,1.1851851851851851,0.475,168.01475868444444,-5.18518518518518
80,6,Rural,Silver,43,4.81,Night,0,24,74.32837978,2.0,1.8333333333333333,272.5373925266667,266.66666666666663
80,31,Suburban,Silver,91,4.61,Evening,1,127,392.3027601,2.0,1.2258064516129032,961.7745086322581,145.16129032258064
64,25,Suburban,Silver,85,4.46,Afternoon,1,37,168.6101943,1.6,1.52,410.0599925376,143.20000000000002
57,42,Rural,Silver,36,3.59,Afternoon,1,167,587.2581373,1.425,0.9047619047619048,757.1435270189287,28.92857142857144
52,7,Rural,Silver,57,4.82,Night,0,180,563.9803273,1.3,1.5714285714285714,1152.1312400557142,104.28571428571428
69,56,Urban,Regular,73,4.02,Night,1,116,352.3474983,1.725,0.6785714285714286,486.23954765400003,38.000000000000014
67,54,Suburban,Regular,53,3.67,Morning,0,110,415.3075369,1.675,0.7037037037037037,556.5120994460001,34.00000000000002
25,7,Rural,Silver,13,4.07,Afternoon,1,60,204.2158433,0.625,1.5714285714285714,256.72848872,25.714285714285705
80,35,Rural,Regular,29,4.49,Night,0,79,319.6520701,2.0,1.0857142857142856,694.1016379314285,117.14285714285712
73,6,Suburban,Silver,5,4.03,Night,1,71,362.0533307,1.825,1.8333333333333333,1211.3701023004166,234.58333333333331
24,6,Urban,Regular,65,4.29,Afternoon,1,106,387.4755378,0.6,1.8333333333333333,568.29745544,46.66666666666668
37,14,Rural,Gold,18,4.36,Evening,0,85,348.8532987,0.925,2.7142857142857144,875.870960664643,151.07142857142864
27,6,Rural,Regular,74,4.75,Afternoon,1,157,732.2985127,0.675,1.8333333333333333,1074.0378186266666,46.66666666666667
23,11,Urban,Regular,11,4.86,Afternoon,0,133,343.6721334,0.575,1.0,274.93770672,-20.000000000000004
42,8,Rural,Gold,12,4.79,Morning,1,166,599.7162532,1.05,1.375,865.8403405575,44.375
74,39,Urban,Silver,11,3.65,Morning,0,173,484.7545389,1.85,0.9743589743589743,873.8011303761539,80.25641025641026
68,30,Urban,Regular,28,4.69,Night,1,134,581.1514566,1.7,1.2666666666666666,1251.412803212,115.33333333333333
59,9,Suburban,Silver,30,4.83,Afternoon,0,140,603.3651643,1.475,1.2222222222222223,1087.733310085278,80.27777777777781
89,75,Rural,Silver,76,4.39,Evening,0,110,369.8546415,1.0987654320987654,0.5066666666666667,325.1067959851852,-12.09876543209876
81,35,Suburban,Regular,45,4.11,Night,0,174,708.8801421,2.025,1.0857142857142856,1558.523626702714,119.85714285714282
33,8,Suburban,Regular,74,4.52,Morning,1,56,205.8375505,0.825,1.375,233.49697134843748,13.437499999999996
75,28,Urban,Gold,49,4.46,Night,0,163,684.5607033,1.875,1.3571428571428572,1741.9625039330358,154.46428571428572
87,48,Suburban,Silver,95,4.73,Morning,0,162,453.2541299,1.0740740740740742,0.7916666666666666,389.4628079140741,-14.074074074074067
56,37,Suburban,Silver,96,3.83,Afternoon,1,130,412.584838,1.4,1.027027027027027,593.2300913945945,43.78378378378377
75,32,Urban,Silver,20,3.69,Evening,1,96,440.4442377,1.875,1.1875,980.6766230039062,122.65625000000003
99,54,Rural,Silver,96,3.77,Afternoon,1,61,241.6407114,1.2222222222222223,0.7037037037037037,236.27091781333334,-2.2222222222222134
33,16,Rural,Regular,81,4.08,Afternoon,1,50,201.2925319,0.825,2.375,394.4075546915625,95.9375
41,28,Rural,Gold,89,4.47,Evening,1,45,220.0511403,1.025,1.3571428571428572,306.1068540958928,39.10714285714284
55,19,Suburban,Silver,74,3.51,Morning,0,173,702.913416,1.375,2.0,1933.011894,174.99999999999997
93,51,Rural,Silver,12,4.98,Morning,1,90,431.4216603,1.1481481481481481,0.7450980392156863,396.26878427555556,-8.148148148148143
54,35,Urban,Silver,11,4.49,Afternoon,1,96,466.8626811,1.35,1.0857142857142856,684.2873011551428,46.57142857142857
34,20,Urban,Gold,21,4.15,Morning,1,158,445.1263612,0.85,1.9,718.879073338,61.5
86,18,Suburban,Silver,61,4.3,Afternoon,1,126,441.6378571,1.0617283950617284,2.111111111111111,989.898845680933,124.14266117969828
85,27,Suburban,Gold,8,4.11,Night,1,157,669.5210117,1.0493827160493827,1.4074074074074074,988.8216130731597,47.69090077732054
74,5,Suburban,Regular,80,3.63,Night,0,134,354.3852115,1.85,2.2,1442.347810805,307.0
63,53,Rural,Gold,33,4.33,Afternoon,0,175,489.7125243,1.575,0.7169811320754716,617.0377806179999,25.99999999999999
55,13,Suburban,Silver,45,3.71,Morning,1,40,222.568582,1.375,2.923076923076923,894.5544930384615,301.9230769230769
100,66,Suburban,Gold,27,3.53,Evening,1,106,412.2556068,1.2345679012345678,0.5757575757575758,407.1660314074074,-1.234567901234575
51,27,Urban,Gold,86,3.82,Evening,1,152,472.2157353,1.275,1.4074074074074074,847.3649027883333,79.44444444444444
37,10,Urban,Silver,33,4.86,Afternoon,0,44,179.9398803,0.925,1.1,183.08882820525002,1.7500000000000144
99,71,Suburban,Gold,3,4.63,Morning,1,100,308.9111533,1.2222222222222223,0.5352112676056338,302.0464610044445,-2.2222222222222134
54,24,Rural,Silver,85,3.79,Evening,0,102,306.3142432,1.35,1.5833333333333333,654.7466948400001,113.75000000000004
30,7,Rural,Gold,57,4.27,Morning,1,69,224.4648783,0.75,1.5714285714285714,282.1844184342857,25.714285714285705
84,56,Urban,Silver,71,4.56,Evening,1,15,101.0737865,1.037037037037037,0.6785714285714286,83.85380805925925,-17.03703703703704
49,14,Suburban,Silver,55,4.43,Morning,1,131,633.4966221,1.225,2.7142857142857144,2106.3762684825,232.50000000000003
86,10,Urban,Silver,98,4.8,Morning,0,18,62.87509274,1.0617283950617284,1.1,73.4318984346173,16.790123456790145
48,24,Rural,Gold,17,3.98,Afternoon,0,29,92.03104706,1.2,1.5833333333333333,174.858989414,89.99999999999999
67,18,Urban,Silver,78,3.81,Morning,1,22,106.7358926,1.675,2.111111111111111,377.42997577722224,253.61111111111114
100,16,Rural,Gold,96,3.65,Night,1,163,560.6703257,1.2345679012345678,2.375,1643.9407697993827,193.20987654320982
79,7,Rural,Silver,31,4.82,Night,0,100,322.9000695,1.975,1.5714285714285714,1002.1434299839285,210.35714285714286
99,9,Rural,Silver,33,4.98,Afternoon,0,110,292.3393609,1.2222222222222223,1.2222222222222223,436.7044773938272,49.382716049382736
34,24,Urban,Silver,3,4.41,Morning,0,97,242.751717,0.85,1.5833333333333333,326.7033524625,34.58333333333332
54,21,Urban,Silver,23,4.44,Evening,1,136,442.7796306,1.35,1.8095238095238095,1081.6473833228572,144.28571428571428
77,43,Suburban,Regular,73,4.07,Afternoon,1,131,505.5467165,1.925,0.8837209302325582,860.0172630691861,70.11627906976746
80,21,Urban,Regular,85,4.21,Morning,1,146,474.9171618,2.0,1.8095238095238095,1718.7478236571428,261.9047619047619
74,54,Urban,Regular,16,4.35,Afternoon,1,147,617.4346784,1.85,0.7037037037037037,913.8033240320002,48.00000000000002
57,38,Urban,Regular,31,3.97,Morning,1,64,294.8553699,1.425,1.0,420.16890210750006,42.50000000000001
97,66,Urban,Silver,90,3.6,Evening,1,150,717.467322,1.1975308641975309,0.5757575757575758,687.3514097185185,-4.197530864197524
52,14,Suburban,Gold,97,4.83,Evening,1,66,266.977217,1.3,2.7142857142857144,942.0481799857143,252.8571428571429
51,37,Rural,Regular,34,4.64,Afternoon,0,100,383.3711771,1.275,1.027027027027027,502.00901433770264,30.945945945945923
87,52,Urban,Gold,15,3.57,Night,0,66,266.4336179,1.0740740740740742,0.7307692307692307,228.93555315851856,-14.074074074074058
91,42,Suburban,Silver,76,4.96,Morning,0,86,336.3943924,1.123456790123457,0.9047619047619048,341.931748653498,1.646090534979438
85,34,Rural,Regular,66,4.59,Morning,1,163,764.8593556,1.0493827160493827,1.1176470588235294,897.0572689135803,17.283950617283963
57,21,Rural,Silver,28,4.93,Night,0,141,588.6941798,1.425,1.8095238095238095,1517.9899921985716,157.85714285714286
28,8,Urban,Regular,67,3.78,Afternoon,1,58,305.2426677,0.7,1.375,335.7669344700001,10.000000000000018
58,30,Urban,Regular,32,4.14,Night,0,75,256.3738037,1.45,1.2666666666666666,470.8732194623333,83.66666666666664
31,9,Rural,Gold,18,4.42,Morning,1,114,461.0193486,0.775,1.2222222222222223,450.7744741866667,-2.2222222222222197
27,11,Suburban,Gold,88,4.5,Evening,1,144,581.7472844,0.675,1.0,465.39782752,-20.0
90,75,Urban,Gold,88,4.1,Afternoon,0,106,472.5465909,1.1111111111111112,0.5066666666666667,420.0414141333334,-11.111111111111105
54,8,Suburban,Regular,41,3.89,Morning,0,168,573.4835718,1.35,1.375,1064.5288801537502,85.625
23,9,Suburban,Silver,50,3.84,Evening,1,34,192.3850222,0.575,1.2222222222222223,188.10979948444447,-2.2222222222222157
94,64,Urban,Regular,62,4.87,Night,0,166,744.0359811,1.1604938271604939,0.59375,690.7593306014815,-7.160493827160493
86,20,Suburban,Silver,51,3.75,Morning,1,110,412.2574631,1.0617283950617284,1.9,831.6403638338271,101.72839506172839
79,55,Suburban,Regular,91,4.39,Morning,0,48,189.560565,1.975,0.6909090909090909,299.5056927,57.99999999999999
73,13,Urban,Regular,93,3.95,Night,0,90,357.0434722,1.825,2.923076923076923,1904.6895997746153,433.46153846153845
74,23,Urban,Regular,45,4.07,Morning,1,99,417.1740954,1.85,1.6521739130434783,1275.1016915921741,205.65217391304355
26,11,Urban,Gold,10,4.22,Morning,1,69,314.8447103,0.65,1.0,251.87576823999999,-20.0
99,30,Urban,Regular,74,4.21,Morning,1,160,629.9546011,1.2222222222222223,1.2666666666666666,975.2630491103704,54.81481481481482
80,42,Urban,Gold,85,4.22,Night,0,131,473.561754,2.0,0.9047619047619048,856.9212691428571,80.95238095238095
78,35,Rural,Regular,5,4.35,Evening,1,100,317.8809578,1.95,1.0857142857142856,672.9993992279999,111.7142857142857
63,6,Urban,Gold,29,4.79,Evening,1,24,132.4992195,1.575,1.8333333333333333,382.59149630625,188.75
25,8,Rural,Regular,30,4.44,Night,0,115,430.785851,0.625,1.375,473.86443610000003,10.000000000000012
100,50,Urban,Regular,20,4.14,Evening,0,127,350.2265836,1.2345679012345678,0.76,345.90279861728396,-1.2345679012345716
46,8,Urban,Silver,32,4.81,Afternoon,0,112,466.4274793,1.15,1.375,737.538451643125,58.12499999999999
59,29,Urban,Regular,90,4.3,Night,0,145,651.730389,1.475,1.3103448275862069,1259.6375277051723,93.27586206896551
21,11,Rural,Gold,18,4.2,Morning,1,49,266.3480732,0.525,1.0,213.07845856,-19.999999999999996
64,7,Rural,Silver,48,4.67,Evening,0,64,266.3853768,1.6,1.5714285714285714,669.7689473828572,151.42857142857142
52,22,Suburban,Gold,72,3.6,Morning,1,101,303.8032264,1.3,1.7272727272727273,682.1763356436364,124.54545454545453
100,56,Suburban,Silver,67,4.2,Evening,0,169,461.9661914,1.2345679012345678,0.6785714285714286,456.2629050864197,-1.2345679012345778
83,72,Rural,Regular,25,4.62,Night,1,45,201.0575406,1.0246913580246915,0.5277777777777778,164.81753945481483,-18.024691358024686
89,10,Rural,Silver,36,4.12,Afternoon,1,13,94.21444739,1.0987654320987654,1.1,113.87153579606175,20.864197530864214
100,37,Rural,Silver,47,4.7,Afternoon,0,142,546.8574477,1.2345679012345678,1.027027027027027,693.3794798998998,26.793460126793455
71,7,Urban,Gold,31,4.83,Morning,1,60,292.7468301,1.775,1.5714285714285714,816.5545511003571,178.92857142857142
94,26,Suburban,Regular,0,3.94,Afternoon,1,40,150.9060377,1.1604938271604939,1.4615384615384615,255.9526907238367,69.61063627730294
52,23,Urban,Regular,41,4.23,Evening,0,134,534.9066334,1.3,1.6521739130434783,1148.8864213026088,114.78260869565217
27,15,Urban,Silver,31,4.95,Afternoon,0,103,315.265403,0.675,2.533333333333333,638.9378834133333,102.66666666666669
88,62,Urban,Regular,62,4.82,Afternoon,0,162,601.2360266,1.0864197530864197,0.6129032258064516,522.5557564523456,-13.086419753086428
48,38,Suburban,Silver,64,4.97,Night,1,152,701.469573,1.2,1.0,841.7634876,20.0
53,35,Suburban,Regular,1,3.67,Morning,1,88,392.0078846,1.325,1.0857142857142856,563.9313425602857,43.85714285714284
31,12,Suburban,Gold,34,4.7,Night,0,105,331.8375249,0.775,3.1666666666666665,840.65506308,153.33333333333331
56,34,Suburban,Silver,1,4.56,Afternoon,0,121,307.5259291,1.4,1.1176470588235294,481.1876302388235,56.470588235294116
48,35,Rural,Gold,47,4.26,Morning,0,26,68.271745,1.2,1.0857142857142856,88.94833062857141,30.28571428571427
93,66,Suburban,Silver,22,3.91,Night,0,180,765.4397486,1.1481481481481481,0.5757575757575758,703.0705838992593,-8.148148148148145
49,18,Rural,Silver,62,4.92,Afternoon,0,62,168.3662892,1.225,2.111111111111111,435.4139312366667,158.61111111111114
72,33,Rural,Gold,63,4.25,Evening,0,132,351.773619,1.8,1.1515151515151516,729.1307739272727,107.27272727272725
62,11,Suburban,Gold,37,4.23,Morning,1,71,363.345753,1.55,1.0,563.18591715,55.00000000000001
39,15,Suburban,Regular,53,4.6,Evening,1,38,201.7146763,0.975,2.533333333333333,498.23525046099996,146.99999999999997
67,56,Urban,Gold,49,4.22,Afternoon,1,23,121.439999,1.675,0.6785714285714286,162.72959866000002,34.00000000000002
88,15,Urban,Regular,39,4.51,Afternoon,0,137,598.7750233,1.0864197530864197,2.533333333333333,1647.9865661853498,175.22633744855966
29,16,Urban,Silver,75,4.11,Morning,1,80,371.1242881,0.725,2.375,705.13614739,90.0
100,24,Urban,Silver,88,4.49,Night,0,56,173.6669675,1.2345679012345678,1.5833333333333333,339.47246733539095,95.47325102880659
98,43,Suburban,Gold,62,4.98,Morning,0,130,538.518528,1.2098765432098766,0.8837209302325582,575.7803612609819,6.919322423198393
35,10,Rural,Gold,40,3.54,Night,0,75,281.962567,0.875,1.1,271.3889707375,-3.7499999999999867
58,14,Rural,Gold,10,3.77,Morning,0,95,258.0144597,1.45,2.7142857142857144,1015.4711949621428,293.5714285714286
22,7,Urban,Gold,53,4.43,Morning,1,98,476.2019962,0.55,1.5714285714285714,598.65393808,25.71428571428571
84,37,Suburban,Regular,94,3.83,Night,0,28,124.6455032,1.037037037037037,1.027027027027027,132.75557097577575,6.506506506506494
91,14,Suburban,Silver,19,4.78,Night,1,19,111.1127149,1.123456790123457,2.7142857142857144,338.82519234938275,204.93827160493828
56,29,Urban,Gold,67,4.49,Afternoon,0,125,421.8171879,1.4,1.3103448275862069,773.8163584924138,83.44827586206895
97,21,Rural,Regular,36,3.72,Evening,1,23,134.0510145,1.1975308641975309,1.8095238095238095,290.483268340388,116.69606114050556
57,47,Urban,Gold,26,3.8,Morning,0,30,132.4032477,1.425,0.8085106382978723,152.5454438926596,15.212765957446814
94,27,Suburban,Silver,100,3.6,Night,1,172,547.9814624,1.1604938271604939,1.4074074074074074,895.0113322783724,63.32876085962508
84,6,Suburban,Gold,24,3.74,Morning,0,68,281.9682458,1.037037037037037,1.8333333333333333,536.087775965432,90.12345679012344
40,11,Rural,Silver,1,4.24,Night,1,35,182.4663214,1.0,1.0,182.4663214,0.0
65,36,Suburban,Silver,20,4.39,Night,1,87,313.7742266,1.625,1.0555555555555556,538.209958126389,71.5277777777778
35,22,Urban,Silver,28,4.88,Afternoon,1,116,422.886661,0.875,1.7272727272727273,639.1355217386364,51.13636363636363
40,30,Urban,Regular,67,4.03,Evening,1,143,529.6967147,1.0,1.2666666666666666,670.9491719533333,26.66666666666666
61,45,Urban,Silver,6,4.99,Evening,0,10,25.99344945,1.525,0.8444444444444444,33.4737865695,28.777777777777775
50,14,Urban,Gold,98,3.52,Night,1,109,351.5699575,1.25,2.7142857142857144,1192.8266415178573,239.28571428571433
98,25,Suburban,Silver,30,4.76,Afternoon,0,60,154.6871597,1.2098765432098766,1.52,284.471596406321,83.90123456790126
54,37,Suburban,Regular,41,4.69,Afternoon,1,16,106.5920823,1.35,1.027027027027027,147.78848167540542,38.64864864864867
37,13,Rural,Regular,31,4.66,Afternoon,0,35,132.1665679,0.925,2.923076923076923,357.35806628346154,170.38461538461542
78,41,Urban,Silver,12,4.99,Afternoon,0,22,76.22496122,1.95,0.926829268292683,137.76267381468293,80.73170731707317
84,21,Rural,Gold,88,3.5,Afternoon,0,146,598.94004,1.037037037037037,1.8095238095238095,1123.936865185185,87.65432098765432
44,32,Suburban,Silver,51,4.2,Afternoon,1,168,563.1508996,1.1,1.1875,735.6158626025001,30.625000000000018
25,11,Urban,Silver,92,3.91,Night,0,115,310.1546163,0.625,1.0,248.12369304,-19.999999999999996
38,13,Urban,Gold,38,4.46,Evening,1,28,145.1375686,0.95,2.923076923076923,403.03586357384614,177.69230769230765
85,25,Urban,Silver,21,4.03,Morning,0,73,323.5576858,1.0493827160493827,1.52,516.0944815476543,59.506172839506156
31,13,Suburban,Gold,87,4.04,Evening,0,11,31.56567616,0.775,2.923076923076923,73.81511963569231,133.84615384615387
67,6,Rural,Regular,25,4.45,Evening,1,31,144.4626376,1.675,1.8333333333333333,443.6206829633333,207.08333333333334
77,11,Rural,Silver,70,3.82,Night,1,63,252.4930471,1.925,1.0,486.0491156675,92.5
32,11,Suburban,Silver,30,3.53,Afternoon,1,32,146.5127744,0.8,1.0,117.21021952000001,-20.0
71,30,Rural,Regular,60,4.83,Evening,1,156,501.80135,1.775,1.2666666666666666,1128.2167019166666,124.83333333333333
65,38,Urban,Regular,13,4.77,Morning,1,132,610.7325515,1.625,1.0,992.4403961875,62.5
64,29,Urban,Silver,66,3.79,Night,1,37,194.2623994,1.6,1.3103448275862069,407.2811683972414,109.65517241379312
48,38,Urban,Silver,45,4.17,Afternoon,0,87,318.210126,1.2,1.0,381.8521512,19.999999999999993
76,42,Rural,Gold,95,3.93,Morning,0,180,512.6251102,1.9,0.9047619047619048,881.2269751533332,71.90476190476188
76,53,Urban,Regular,77,3.67,Afternoon,1,179,555.8919188,1.9,0.7169811320754716,844.955716576,52.0
71,14,Suburban,Silver,8,4.44,Night,0,76,242.1588608,1.775,2.7142857142857144,1166.6867972114287,381.78571428571433
76,9,Urban,Silver,64,4.16,Evening,0,10,41.40499128,1.9,1.2222222222222223,96.15159086133333,132.22222222222223
51,14,Rural,Gold,16,3.51,Night,1,30,180.8865537,1.275,2.7142857142857144,625.9966804832144,246.07142857142858
88,38,Rural,Gold,29,3.73,Evening,1,167,537.8971059,1.0864197530864197,1.0,584.3820409777778,8.641975308641975
60,24,Rural,Gold,5,3.79,Afternoon,1,154,556.6629286,1.5,1.5833333333333333,1322.074455425,137.5
73,55,Rural,Regular,55,4.2,Afternoon,0,52,158.5563431,1.825,0.6909090909090909,231.49226092599997,45.99999999999999
23,10,Urban,Silver,80,3.88,Afternoon,0,22,59.4454065,0.575,1.1,52.31195772,-11.999999999999991
74,27,Suburban,Silver,51,3.75,Morning,1,111,334.1449975,1.85,1.4074074074074074,870.0145675648149,160.37037037037044
49,6,Suburban,Gold,18,4.41,Night,1,148,443.7750198,1.225,1.8333333333333333,996.6447319675001,124.58333333333336
31,8,Rural,Gold,7,3.57,Night,0,35,145.2420374,0.775,1.375,159.76624114,10.000000000000012
57,46,Rural,Regular,42,4.39,Morning,0,56,210.6317666,1.425,0.8260869565217391,247.95022089978264,17.717391304347842
64,19,Suburban,Regular,35,4.02,Afternoon,0,39,152.2291926,1.6,2.0,487.13341632000004,220.00000000000003
86,76,Suburban,Regular,84,4.99,Night,0,149,612.4467268,1.0617283950617284,0.5,520.2016642449382,-15.06172839506173
54,28,Suburban,Regular,73,3.56,Morning,1,51,250.2858824,1.35,1.3571428571428572,458.5594916828572,83.21428571428574
85,37,Rural,Gold,10,3.76,Night,1,61,309.0825447,1.0493827160493827,1.027027027027027,333.1119851121121,7.77444110777443
58,15,Rural,Regular,14,4.76,Night,1,12,94.1609177,1.45,2.533333333333333,345.88443768466664,267.3333333333333
96,27,Rural,Gold,21,4.37,Night,1,57,243.9373065,1.1851851851851851,1.4074074074074074,406.8967965761317,66.80384087791495
58,31,Suburban,Silver,32,4.87,Evening,1,85,331.1930539,1.45,1.2258064516129032,588.6689441899999,77.74193548387095
77,45,Suburban,Silver,88,4.16,Morning,0,151,595.2312212,1.925,0.8444444444444444,967.581418461778,62.55555555555558
93,73,Rural,Regular,78,3.81,Night,1,106,465.9626816,1.1481481481481481,0.5205479452054794,427.9953519881481,-8.148148148148154
44,11,Rural,Regular,56,3.83,Afternoon,1,18,104.7520101,1.1,1.0,115.22721111000001,10.000000000000005
20,10,Rural,Regular,54,4.12,Morning,1,168,784.055126,0.5,1.1,689.96851088,-11.99999999999999
70,40,Suburban,Regular,9,3.77,Evening,0,130,382.9299379,1.75,0.95,636.62102175875,66.24999999999999
42,12,Rural,Gold,92,4.5,Afternoon,0,123,319.2967131,1.05,3.1666666666666665,1061.6615710575,232.49999999999997
87,33,Rural,Regular,53,4.15,Evening,0,143,640.1373391,1.0740740740740742,1.1515151515151516,791.7299076186308,23.681257014590365
70,43,Suburban,Gold,47,4.31,Morning,0,57,243.4933854,1.75,0.8837209302325582,376.5653518395349,54.6511627906977
61,15,Urban,Gold,29,4.49,Afternoon,0,32,135.0058741,1.525,2.533333333333333,521.5726936063332,286.33333333333326
71,36,Suburban,Silver,69,4.37,Morning,0,110,392.9639433,1.775,1.0555555555555556,736.2616104329167,87.36111111111111
81,33,Suburban,Regular,41,4.93,Afternoon,1,162,617.2885001,2.025,1.1515151515151516,1439.4045479604547,133.18181818181822
87,64,Rural,Silver,69,4.55,Evening,1,65,310.7883995,1.0740740740740742,0.59375,267.0478099407408,-14.074074074074055
85,65,Suburban,Regular,73,4.65,Afternoon,1,165,770.0708908,1.0493827160493827,0.5846153846153846,646.4792663506173,-16.049382716049383
91,65,Urban,Regular,40,3.58,Evening,0,141,373.5047076,1.123456790123457,0.5846153846153846,335.6931199170371,-10.123456790123441
83,57,Rural,Silver,80,4.6,Night,1,172,814.4195559,1.0246913580246915,0.6666666666666666,667.6229445896297,-18.02469135802468
64,10,Suburban,Gold,75,3.61,Morning,1,155,473.3466933,1.6,1.1,833.0901802080001,76.00000000000001
69,22,Rural,Silver,25,4.41,Night,1,74,266.7677789,1.725,1.7272727272727273,794.8467230406819,197.95454545454547
37,12,Rural,Silver,15,3.73,Evening,0,142,369.3616589,0.925,3.1666666666666665,1081.9218591945835,192.91666666666669
93,28,Urban,Silver,63,3.9,Evening,0,38,111.7239412,1.1481481481481481,1.3571428571428572,174.0883634042328,55.82010582010582
66,49,Rural,Gold,42,4.56,Afternoon,0,124,429.9483561,1.65,0.7755102040816326,567.531830052,32.00000000000001
47,36,Rural,Silver,100,4.2,Morning,0,103,414.7783003,1.175,1.0555555555555556,514.4403085665278,24.02777777777779
71,30,Rural,Regular,45,4.16,Evening,1,53,227.18257,1.775,1.2666666666666666,510.7821448833333,124.83333333333331
58,19,Urban,Silver,47,3.97,Evening,0,77,247.4420018,1.45,2.0,717.58180522,189.99999999999997
100,18,Suburban,Silver,50,4.89,Morning,1,51,213.8232969,1.2345679012345678,2.111111111111111,557.2897998765432,160.6310013717421
94,28,Urban,Regular,59,4.45,Night,0,173,652.587891,1.1604938271604939,1.3571428571428572,1027.7971546084657,57.49559082892417
49,6,Rural,Silver,23,4.65,Night,1,69,289.6463054,1.225,1.8333333333333333,650.4973275441668,124.58333333333336
42,7,Rural,Gold,90,3.67,Evening,0,32,123.7624693,1.05,1.5714285714285714,204.20807434500003,65.00000000000001
79,63,Urban,Gold,56,4.66,Evening,1,70,292.5906289,1.975,0.6031746031746031,462.293193662,57.99999999999999
59,5,Rural,Gold,17,4.97,Evening,1,143,440.9395108,1.475,2.2,1430.8487125460001,224.5
54,7,Urban,Regular,91,3.75,Night,0,97,298.3226184,1.35,1.5714285714285714,632.8701261771429,112.14285714285714
60,6,Rural,Silver,65,4.76,Morning,0,168,629.2044296,1.5,1.8333333333333333,1730.3121814,175.00000000000003
26,13,Suburban,Silver,4,3.63,Night,1,123,441.9961924,0.65,2.923076923076923,1033.591096073846,133.84615384615387
90,10,Rural,Silver,59,4.44,Morning,1,147,691.5012906,1.1111111111111112,1.1,845.1682440666667,22.22222222222224
34,12,Suburban,Silver,38,4.18,Afternoon,0,24,106.9485906,0.85,3.1666666666666665,287.869956365,169.16666666666669
80,34,Suburban,Silver,84,3.8,Night,0,174,561.438522,2.0,1.1176470588235294,1254.980225647059,123.52941176470588
21,7,Rural,Regular,58,4.31,Morning,1,75,328.4583569,0.525,1.5714285714285714,412.9190772457143,25.714285714285705
97,71,Suburban,Silver,52,4.32,Evening,0,36,133.3873831,1.1975308641975309,0.5352112676056338,127.7884065254321,-4.19753086419753
64,7,Suburban,Regular,92,4.58,Evening,1,16,114.6992021,1.6,1.5714285714285714,288.38656527999996,151.42857142857142
47,34,Rural,Gold,16,4.38,Evening,1,46,237.143389,1.175,1.1176470588235294,311.4250682014706,31.3235294117647
44,28,Rural,Gold,30,3.93,Evening,1,42,157.1065717,1.1,1.3571428571428572,234.53766775214288,49.28571428571431
21,9,Suburban,Gold,13,4.01,Evening,0,127,431.2515977,0.525,1.2222222222222223,421.66822886222224,-2.222222222222217
57,37,Urban,Gold,59,3.92,Evening,0,159,585.8075882,1.425,1.027027027027027,857.3373216494596,46.351351351351354
62,5,Rural,Silver,51,4.4,Afternoon,0,160,647.2043749,1.55,2.2,2206.9669184090003,241.00000000000006
25,6,Urban,Gold,60,3.91,Evening,1,145,559.5788398,0.625,1.8333333333333333,820.7156317066667,46.666666666666686
92,33,Suburban,Silver,70,3.69,Evening,1,46,173.1505323,1.1358024691358024,1.1515151515151516,226.46249940920316,30.789375233819683
38,7,Rural,Gold,46,3.79,Night,0,78,198.1704675,0.95,1.5714285714285714,295.84019791071427,49.28571428571428
99,31,Urban,Silver,0,3.54,Morning,0,50,192.7088692,1.2222222222222223,1.2258064516129032,288.7179474035843,49.82078853046596
35,7,Rural,Regular,65,4.19,Night,0,65,165.0758242,0.875,1.5714285714285714,226.979258275,37.50000000000001
30,13,Urban,Gold,53,3.68,Night,1,124,379.4680329,0.75,2.923076923076923,887.3714000123078,133.84615384615387
28,6,Urban,Gold,53,4.48,Night,1,148,461.1095538,0.7,1.8333333333333333,676.29401224,46.666666666666664
59,47,Rural,Silver,73,3.54,Night,0,75,234.5672446,1.475,0.8085106382978723,279.73391616659575,19.255319148936167
24,13,Urban,Silver,50,4.26,Night,1,141,540.0620307,0.6,2.923076923076923,1262.9142871753847,133.84615384615387
21,6,Suburban,Regular,15,3.81,Evening,1,80,318.8415033,0.525,1.8333333333333333,467.63420484000005,46.666666666666686
84,54,Suburban,Silver,59,4.98,Afternoon,1,43,196.3151415,1.037037037037037,0.7037037037037037,162.86885813333333,-17.03703703703704
100,50,Urban,Silver,83,4.91,Morning,1,173,622.4914304,1.2345679012345678,0.76,614.8063510123457,-1.2345679012345734
30,11,Urban,Silver,99,4.96,Evening,0,83,349.6745279,0.75,1.0,279.73962232,-19.99999999999999
45,35,Rural,Regular,0,4.58,Afternoon,1,41,206.1473319,1.125,1.0857142857142856,251.79424110642856,22.142857142857128
53,35,Urban,Gold,35,3.92,Afternoon,1,166,635.9330545,1.325,1.0857142857142856,914.835122687857,43.85714285714284
65,41,Rural,Gold,51,3.57,Night,1,48,251.1121418,1.625,0.926829268292683,378.19938429634146,50.60975609756099
93,6,Rural,Silver,85,4.47,Night,0,107,324.0987674,1.1481481481481481,1.8333333333333333,682.2078992802469,110.49382716049382
28,5,Rural,Regular,69,4.49,Morning,1,132,425.4887348,0.7,2.2,748.860173248,76.00000000000001
38,8,Urban,Silver,78,3.57,Night,0,114,470.2690237,0.95,1.375,614.288912208125,30.625000000000004
25,6,Urban,Regular,69,4.45,Evening,1,94,398.051726,0.625,1.8333333333333333,583.8091981333333,46.66666666666667
76,23,Rural,Regular,64,3.57,Night,1,115,564.931725,1.9,1.6521739130434783,1773.3943715217392,213.91304347826087
22,7,Suburban,Gold,73,4.91,Morning,1,73,238.3189915,0.55,1.5714285714285714,299.60101788571427,25.7142857142857
40,5,Rural,Silver,17,4.55,Afternoon,0,72,184.9552256,1.0,2.2,406.90149632000004,120.00000000000001
89,16,Suburban,Regular,27,4.86,Afternoon,0,161,624.305616,1.0987654320987654,2.375,1629.1678960740742,160.9567901234568
31,21,Suburban,Silver,77,4.83,Afternoon,0,107,389.3845083,0.775,1.8095238095238095,563.6804310628572,44.76190476190479
92,45,Rural,Silver,59,4.23,Morning,1,121,574.8939389,1.1358024691358024,0.8444444444444444,551.3934733592317,-4.087791495198913
58,32,Urban,Gold,92,4.59,Afternoon,1,111,517.944462,1.45,1.1875,891.83562050625,72.1875
58,20,Rural,Silver,42,3.51,Evening,0,125,527.1792012,1.45,1.9,1452.3786993059998,175.5
36,7,Suburban,Regular,26,4.35,Morning,0,59,201.4968308,0.9,1.5714285714285714,284.97408927428575,41.428571428571445
66,40,Rural,Regular,93,4.86,Evening,0,153,627.016751,1.65,0.95,982.8487571925,56.75
76,54,Urban,Regular,58,4.05,Evening,0,74,218.6251779,1.9,0.7037037037037037,332.310270408,51.99999999999999
55,23,Urban,Gold,46,4.58,Afternoon,1,150,654.6765363,1.375,1.6521739130434783,1487.2543052902174,127.17391304347827
21,8,Urban,Regular,57,4.78,Night,1,84,293.5602166,0.525,1.375,322.91623826,10.000000000000004
61,45,Rural,Gold,42,4.25,Afternoon,0,102,421.985262,1.525,0.8444444444444444,543.4232429533332,28.777777777777757
72,62,Suburban,Regular,48,3.82,Evening,0,126,553.7408049,1.8,0.6129032258064516,797.386759056,44.00000000000001
65,18,Rural,Gold,65,4.01,Morning,0,111,330.62431,1.625,2.111111111111111,1134.2250634722222,243.05555555555557
20,8,Rural,Silver,27,4.99,Morning,0,83,261.4451503,0.5,1.375,287.58966533000006,10.000000000000012
22,7,Suburban,Silver,16,4.1,Night,0,147,520.0637873,0.55,1.5714285714285714,653.794475462857,25.7142857142857
72,49,Suburban,Gold,15,4.34,Night,1,19,117.6332781,1.8,0.7755102040816326,169.391920464,44.000000000000014
42,30,Urban,Regular,26,4.79,Afternoon,0,138,493.0149509,1.05,1.2666666666666666,655.709884697,33.00000000000001
100,54,Suburban,Regular,91,4.59,Night,1,61,203.1132957,1.2345679012345678,0.7037037037037037,200.60572414814814,-1.2345679012345756
87,32,Suburban,Silver,38,4.76,Afternoon,0,114,421.7762985,1.0740740740740742,1.1875,537.9600473923612,27.54629629629631
36,8,Urban,Gold,47,4.07,Afternoon,0,77,305.0088859,0.9,1.375,377.44849630125003,23.750000000000014
70,38,Urban,Silver,99,4.19,Morning,0,76,317.7718882,1.75,1.0,556.10080435,75.0
41,7,Urban,Gold,4,4.15,Night,0,83,364.9140561,1.025,1.5714285714285714,587.7722832182142,61.07142857142854
59,40,Rural,Gold,64,4.72,Night,0,157,398.3194964,1.475,0.95,558.1451943305,40.125
33,14,Urban,Regular,38,4.89,Morning,0,127,461.3060121,0.825,2.7142857142857144,1032.9959628096428,123.92857142857143
70,26,Urban,Silver,15,3.67,Night,1,70,358.2348071,1.75,1.4615384615384615,916.2544104673076,155.76923076923072
45,7,Rural,Regular,87,4.35,Evening,0,74,224.3071068,1.125,1.5714285714285714,396.54292095,76.78571428571426
98,71,Suburban,Regular,83,4.55,Morning,0,139,558.3815496,1.2098765432098766,0.5352112676056338,540.4581912177778,-3.2098765432098735
75,63,Urban,Gold,42,4.55,Evening,1,138,660.4425623,1.875,0.6031746031746031,990.66384345,50.0
100,34,Rural,Gold,33,4.75,Night,0,156,537.4486717,1.2345679012345678,1.1176470588235294,741.5776878939723,37.98111837327522
76,23,Urban,Silver,53,3.94,Evening,0,117,480.1043704,1.9,1.6521739130434783,1507.1102409947825,213.91304347826087
32,12,Urban,Silver,69,3.68,Morning,0,55,162.2831045,0.8,3.1666666666666665,411.1171980666667,153.33333333333331
35,23,Suburban,Gold,58,3.78,Afternoon,0,164,638.0445145,0.875,1.6521739130434783,922.3904394402174,44.56521739130435
30,16,Suburban,Gold,89,3.63,Afternoon,0,142,420.111098,0.75,2.375,798.2110862000001,90.0
75,56,Urban,Regular,66,3.69,Evening,1,22,124.4906005,1.875,0.6785714285714286,186.73590074999998,49.999999999999986
25,6,Rural,Regular,23,3.95,Morning,1,55,235.2781176,0.625,1.8333333333333333,345.07457248000003,46.66666666666668
88,16,Suburban,Gold,26,4.18,Morning,0,32,127.3314901,1.0864197530864197,2.375,328.5466843320987,158.02469135802465
43,26,Rural,Silver,69,4.9,Evening,0,107,391.0269904,1.075,1.4615384615384615,614.363559916923,57.1153846153846
39,20,Rural,Silver,97,4.25,Morning,0,121,319.5430197,0.975,1.9,591.9534439942499,85.24999999999999
77,63,Suburban,Gold,72,4.56,Morning,0,113,380.2853708,1.925,0.6031746031746031,585.6394710320001,54.000000000000014
41,14,Suburban,Silver,59,4.72,Morning,1,49,179.6234225,1.025,2.7142857142857144,499.7380218839286,178.21428571428572
51,20,Rural,Silver,97,4.8,Morning,0,130,452.1126401,1.275,1.9,1095.24287064225,142.25
30,10,Suburban,Gold,86,4.95,Evening,0,149,565.6691466,0.75,1.1,497.78884900800006,-11.999999999999986
29,8,Urban,Gold,52,4.68,Afternoon,1,121,402.1558776,0.725,1.375,442.37146536000006,10.000000000000016
21,5,Rural,Gold,8,4.44,Afternoon,1,159,689.84216,0.525,2.2,1214.1222016000002,76.00000000000001
50,15,Suburban,Regular,62,4.51,Night,0,83,307.6469281,1.25,2.533333333333333,974.2152723166668,216.66666666666666
61,42,Rural,Gold,11,3.72,Night,0,52,186.5262771,1.525,0.9047619047619048,257.3618513796428,37.97619047619046
67,5,Suburban,Silver,81,4.53,Morning,1,14,91.06777716,1.675,2.2,335.58475883460005,268.50000000000006
73,22,Suburban,Regular,26,4.99,Night,0,33,143.8549861,1.825,1.7272727272727273,453.47014936522726,215.22727272727275
35,18,Urban,Gold,27,3.82,Morning,0,158,553.8373591,0.875,2.111111111111111,1023.0606772263889,84.72222222222223
96,58,Urban,Silver,25,3.61,Morning,0,85,336.5684837,1.1851851851851851,0.6551724137931034,319.1167845451852,-5.185185185185174
38,28,Urban,Gold,8,4.83,Morning,0,29,95.02020686,0.95,1.3571428571428572,122.50819527307144,28.928571428571438
75,28,Urban,Gold,6,4.02,Evening,1,171,575.0117219,1.875,1.3571428571428572,1463.19947090625,154.46428571428575
57,26,Suburban,Silver,92,4.11,Afternoon,1,58,264.6757476,1.425,1.4615384615384615,551.2381435592308,108.26923076923076
36,10,Rural,Gold,65,3.54,Night,0,53,185.6179239,0.9,1.1,183.76174466100002,-0.9999999999999845
73,27,Rural,Gold,98,3.97,Evening,0,57,251.1556503,1.825,1.4074074074074074,645.0979388261111,156.85185185185185
68,29,Rural,Gold,51,3.99,Evening,0,110,299.6890563,1.7,1.3103448275862069,667.5832081717241,122.75862068965515
25,9,Rural,Gold,11,3.58,Night,0,31,92.65681121,0.625,1.2222222222222223,90.5977709608889,-2.222222222222217
97,25,Urban,Regular,95,4.91,Night,1,101,332.2293764,1.1975308641975309,1.52,604.73949699279,82.02469135802467
30,7,Rural,Regular,85,3.74,Evening,0,44,184.1120897,0.75,1.5714285714285714,231.45519848,25.71428571428571
83,7,Suburban,Gold,24,4.9,Morning,1,24,124.5817745,1.0246913580246915,1.5714285714285714,200.6052206675485,61.02292768959436
27,5,Rural,Gold,2,4.3,Evening,0,22,60.98181722,0.675,2.2,107.32799830720002,76.00000000000003
58,21,Suburban,Gold,72,4.14,Afternoon,0,10,35.88598786,1.45,1.8095238095238095,94.15799671838096,162.3809523809524
32,15,Urban,Gold,67,3.76,Evening,1,23,132.1230188,0.8,2.533333333333333,267.7693181013334,102.6666666666667
76,8,Urban,Gold,40,4.68,Afternoon,0,157,561.5796822,1.9,1.375,1467.1269197474999,161.24999999999997
21,9,Suburban,Regular,38,4.54,Morning,0,179,546.3787899,0.525,1.2222222222222223,534.2370390133334,-2.2222222222222126
47,37,Urban,Gold,53,4.69,Night,0,41,147.4597413,1.175,1.027027027027027,177.94803916337835,20.675675675675667
33,20,Suburban,Regular,97,4.13,Morning,1,169,668.892214,0.825,1.9,1048.4885454449998,56.74999999999998
92,66,Rural,Silver,26,3.56,Evening,0,19,62.06928479,1.1358024691358024,0.5757575757575758,56.398757537580245,-9.135802469135802
24,7,Rural,Silver,34,3.51,Afternoon,1,111,477.7411362,0.6,1.5714285714285714,600.5888569371429,25.714285714285705
75,9,Rural,Gold,71,4.06,Night,0,150,411.0057654,1.875,1.2222222222222223,941.8882123750001,129.16666666666669
89,76,Urban,Gold,35,4.8,Night,1,177,650.2985712,1.0987654320987654,0.5,571.6204724622222,-12.098765432098762
67,20,Urban,Regular,42,4.13,Evening,0,68,243.2286176,1.675,1.9,774.075075512,218.25
61,23,Suburban,Silver,51,4.73,Evening,1,150,680.9330686,1.525,1.6521739130434783,1715.6552750160868,151.95652173913044
80,67,Rural,Regular,80,4.74,Night,0,147,432.3072577,2.0,0.5671641791044776,691.69161232,60.00000000000001
66,15,Suburban,Gold,62,4.59,Night,0,161,720.7299449,1.65,2.533333333333333,3012.651169682,318.0
39,12,Suburban,Regular,54,3.77,Morning,1,176,510.454375,0.975,3.1666666666666665,1576.0278828125001,208.75
46,22,Urban,Regular,9,4.33,Morning,0,128,522.7974319,1.15,1.7272727272727273,1038.4658079104545,98.63636363636363
89,74,Rural,Silver,41,4.89,Morning,1,115,432.1627923,1.0987654320987654,0.5135135135135135,379.8764297748148,-12.098765432098759
60,16,Urban,Gold,56,4.33,Night,1,126,382.4570671,1.5,2.375,1362.50330154375,256.25
58,13,Rural,Regular,99,3.62,Morning,1,106,351.4393159,1.45,2.923076923076923,1489.5620235453846,323.84615384615387
68,16,Urban,Silver,93,4.44,Morning,1,154,510.1957863,1.7,2.375,2059.9154871862497,303.74999999999994
45,19,Suburban,Silver,71,3.72,Night,0,121,313.9264406,1.125,2.0,706.33449135,125.00000000000003
91,61,Suburban,Gold,100,4.88,Night,0,101,372.229822,1.123456790123457,0.6229508196721312,334.5472968098766,-10.123456790123438
39,12,Urban,Regular,70,4.02,Morning,1,66,314.4680085,0.975,3.1666666666666665,970.9199762437499,208.75
97,9,Rural,Gold,58,4.32,Evening,1,142,491.5779539,1.1975308641975309,1.2222222222222223,719.4974990552812,46.36488340192043
42,18,Suburban,Silver,39,3.94,Afternoon,0,128,527.1558944,1.05,2.111111111111111,1168.5288992533333,121.66666666666669
27,15,Urban,Gold,11,3.77,Evening,0,111,432.8493969,0.675,2.533333333333333,877.241444384,102.66666666666669
67,48,Rural,Regular,94,4.3,Evening,1,168,544.6027808,1.675,0.7916666666666666,729.767726272,34.0
69,51,Urban,Regular,75,3.57,Night,1,136,470.1827135,1.725,0.7450980392156863,648.85214463,38.00000000000001
69,47,Urban,Regular,65,4.22,Night,0,18,53.53910401,1.725,0.8085106382978723,74.6699631458617,39.468085106382965
93,18,Suburban,Gold,34,3.54,Afternoon,0,80,352.0685727,1.1481481481481481,2.111111111111111,853.3678572851852,142.38683127572017
84,74,Suburban,Regular,7,4.4,Afternoon,1,101,396.3698341,1.037037037037037,0.5135135135135135,328.8401586607407,-17.03703703703704
96,48,Urban,Gold,41,4.39,Morning,0,130,367.7829981,1.1851851851851851,0.7916666666666666,348.71276856888886,-5.18518518518519
30,13,Suburban,Gold,72,4.18,Night,1,113,352.9356731,0.75,2.923076923076923,825.3264970953846,133.84615384615387
60,48,Suburban,Regular,15,4.06,Morning,0,78,339.1055826,1.5,0.7916666666666666,406.92669912,20.00000000000001
72,39,Urban,Regular,39,3.77,Night,1,115,347.8959667,1.8,0.9743589743589743,610.1560031353846,75.3846153846154
31,13,Suburban,Regular,82,4.63,Morning,0,108,469.2509136,0.775,2.923076923076923,1097.3252133415385,133.84615384615387
71,13,Rural,Silver,60,4.3,Night,1,62,213.8430201,1.775,2.923076923076923,1109.5162850573074,418.84615384615375
91,61,Rural,Silver,86,4.44,Morning,1,129,567.5392185,1.123456790123457,0.6229508196721312,510.0846309481482,-10.123456790123445
91,60,Rural,Gold,2,3.53,Evening,1,107,492.1790132,1.123456790123457,0.6333333333333333,442.353483468642,-10.123456790123445
32,6,Urban,Silver,13,4.75,Afternoon,0,53,173.8874745,0.8,1.8333333333333333,255.03496260000003,46.666666666666686
23,10,Suburban,Gold,47,4.84,Evening,0,125,418.1068244,0.575,1.1,367.934005472,-11.999999999999993
61,47,Suburban,Silver,100,4.58,Night,1,157,658.3040013,1.525,0.8085106382978723,811.674827134787,23.297872340425506
57,40,Urban,Regular,78,3.62,Afternoon,0,171,764.5953414,1.425,0.95,1035.0709434202502,35.375000000000014
89,70,Suburban,Gold,86,4.51,Afternoon,0,90,384.209292,1.0987654320987654,0.5428571428571428,337.72471099259263,-12.098765432098755
64,45,Rural,Gold,22,3.96,Night,1,118,404.6018875,1.6,0.8444444444444444,546.6621057777778,35.11111111111113
91,29,Urban,Regular,82,3.73,Afternoon,1,90,446.8170258,1.123456790123457,1.3103448275862069,657.7664006881226,47.21157939548745
91,53,Suburban,Gold,67,4.56,Night,0,50,158.1067232,1.123456790123457,0.7169811320754716,142.10085739456792,-10.123456790123445
69,37,Suburban,Regular,47,4.39,Evening,1,60,284.2362895,1.725,1.027027027027027,503.5591561277027,77.16216216216216
71,61,Suburban,Regular,79,3.85,Afternoon,0,147,591.2989763,1.775,0.6229508196721312,839.6445463460001,42.00000000000001
38,7,Rural,Silver,28,3.85,Evening,0,12,36.00027803,0.95,1.5714285714285714,53.74327220192856,49.28571428571427
100,32,Suburban,Regular,67,3.94,Evening,1,162,581.1370846,1.2345679012345678,1.1875,851.9756641512345,46.60493827160493
65,51,Suburban,Gold,97,4.81,Night,1,144,588.1367699,1.625,0.7450980392156863,764.57780087,30.00000000000001
73,38,Urban,Regular,91,4.23,Evening,1,86,400.267333,1.825,1.0,730.487882725,82.49999999999999
56,25,Suburban,Regular,87,3.73,Evening,1,172,575.4102708,1.4,1.52,1224.4730562624,112.79999999999998
75,55,Rural,Silver,80,4.7,Morning,0,69,190.9788527,1.875,0.6909090909090909,286.46827905,49.999999999999986
97,21,Urban,Regular,43,3.79,Afternoon,1,106,398.1593839,1.1975308641975309,1.8095238095238095,862.7957019726044,116.69606114050559
94,71,Rural,Regular,48,4.73,Night,1,169,770.8733245,1.1604938271604939,0.5352112676056338,715.6749876839507,-7.16049382716048
53,22,Urban,Silver,28,4.99,Afternoon,1,64,211.082023,1.325,1.7272727272727273,483.08999354772726,128.86363636363635
81,8,Rural,Silver,78,4.8,Afternoon,1,141,618.4288567,2.025,1.375,1721.9378478740623,178.4375
47,34,Rural,Silver,87,3.53,Morning,1,170,739.22712,1.175,1.1176470588235294,970.7791443529412,31.32352941176471
80,48,Suburban,Regular,13,4.44,Night,0,35,128.7410739,2.0,0.7916666666666666,205.98571824,60.00000000000001
75,55,Rural,Gold,54,4.73,Night,1,145,584.49173,1.875,0.6909090909090909,876.7375949999999,50.0
89,12,Urban,Silver,42,4.73,Afternoon,0,102,328.3139822,1.0987654320987654,3.1666666666666665,1142.3435059674896,247.94238683127566
30,13,Rural,Gold,8,4.1,Afternoon,0,94,274.6803754,0.75,2.923076923076923,642.329493243077,133.84615384615387
64,5,Rural,Gold,91,4.34,Evening,1,21,108.2430435,1.6,2.2,381.01551312000004,252.00000000000006
55,29,Suburban,Gold,92,4.85,Morning,0,44,181.7809396,1.375,1.3103448275862069,327.5191066931035,80.17241379310346
94,76,Suburban,Gold,26,4.7,Morning,1,94,405.3179545,1.1604938271604939,0.5,376.2951873876543,-7.16049382716049
53,28,Urban,Gold,6,3.67,Evening,0,178,775.7916852,1.325,1.3571428571428572,1395.039691065,79.82142857142858
29,7,Suburban,Regular,68,3.98,Morning,0,114,289.1296809,0.725,1.5714285714285714,363.47731313142856,25.71428571428572
29,17,Urban,Silver,76,3.61,Morning,0,166,674.1328476,0.725,2.235294117647059,1205.508151002353,78.82352941176472
75,42,Suburban,Silver,38,4.25,Afternoon,0,146,479.1199534,1.875,0.9047619047619048,812.7927780892857,69.64285714285714
74,53,Suburban,Regular,60,3.93,Night,0,162,676.4404324,1.85,0.7169811320754716,1001.1318399520001,48.000000000000014
89,75,Urban,Silver,10,4.91,Evening,0,16,54.44953819,1.0987654320987654,0.5066666666666667,47.861816285530864,-12.098765432098764
29,13,Suburban,Gold,44,4.29,Evening,1,87,267.740417,0.725,2.923076923076923,626.1006674461538,133.84615384615387
40,20,Rural,Silver,45,4.42,Evening,1,130,445.4842486,1.0,1.9,846.4200723399999,89.99999999999999
79,11,Urban,Regular,1,4.35,Night,1,45,210.2567597,1.975,1.0,415.25710040750005,97.50000000000001
98,87,Urban,Gold,87,4.28,Afternoon,1,170,603.8458025,1.2098765432098766,0.4367816091954023,584.4630977283952,-3.2098765432098593
95,76,Urban,Regular,74,4.39,Night,0,118,464.9915827,1.1728395061728396,0.5,436.2883985827161,-6.172839506172819
79,13,Rural,Gold,67,4.05,Evening,1,151,514.9363492,1.975,2.923076923076923,2972.7671544199998,477.3076923076923
38,22,Suburban,Regular,18,4.17,Night,1,121,450.5387531,0.95,1.7272727272727273,739.2931357686364,64.0909090909091
83,41,Suburban,Silver,48,3.64,Evening,0,176,741.3443926,1.0246913580246915,0.926829268292683,704.0651051672389,-5.028605841613952
59,24,Suburban,Regular,40,4.0,Afternoon,1,147,631.631297,1.475,1.5833333333333333,1475.1222582020835,133.54166666666666
51,11,Suburban,Regular,72,3.62,Afternoon,0,16,71.21364105,1.275,1.0,90.79739233875,27.499999999999993
64,46,Rural,Silver,51,5.0,Evening,1,29,144.6013825,1.6,0.8260869565217391,191.12530556521742,32.17391304347828
30,6,Rural,Regular,93,3.81,Evening,0,129,505.9219688,0.75,1.8333333333333333,742.0188875733334,46.66666666666667
60,15,Suburban,Regular,95,4.84,Afternoon,0,180,726.3339146,1.5,2.533333333333333,2760.06887548,280.0
75,51,Rural,Regular,17,4.83,Afternoon,1,79,283.4132788,1.875,0.7450980392156863,425.11991820000003,50.000000000000014
25,15,Suburban,Regular,88,4.68,Afternoon,1,31,148.1864882,0.625,2.533333333333333,300.3246160853334,102.66666666666669
46,31,Suburban,Gold,67,3.53,Morning,0,61,158.5920931,1.15,1.2258064516129032,223.56369253129031,40.967741935483865
48,11,Urban,Regular,86,3.55,Night,0,15,57.89462608,1.2,1.0,69.473551296,19.99999999999999
51,6,Rural,Gold,64,4.57,Morning,0,34,142.5577269,1.275,1.8333333333333333,333.22868662875,133.74999999999997
68,23,Suburban,Gold,96,4.77,Morning,0,105,359.1281131,1.7,1.6521739130434783,1008.6815698373913,180.8695652173913
89,8,Suburban,Silver,18,3.83,Morning,0,121,407.5520588,1.0987654320987654,1.375,615.7306567364197,51.080246913580254
84,55,Suburban,Regular,1,4.47,Afternoon,0,146,487.3991192,1.037037037037037,0.6909090909090909,404.36075074370365,-17.037037037037045
50,8,Rural,Regular,25,3.8,Evening,1,13,89.61312852,1.25,1.375,154.02256464375,71.875
99,40,Urban,Gold,26,4.83,Evening,1,151,510.6580782,1.2222222222222223,0.95,592.9307685766667,16.11111111111111
21,9,Urban,Gold,91,4.82,Morning,0,47,171.6271186,0.525,1.2222222222222223,167.81318263111112,-2.2222222222222117
53,19,Suburban,Silver,54,3.84,Evening,0,132,520.5653406,1.325,2.0,1379.49815259,165.0
60,16,Urban,Gold,68,4.23,Night,0,108,458.0963268,1.5,2.375,1631.968164225,256.25
32,22,Suburban,Silver,9,4.68,Night,1,135,530.1491564,0.8,1.7272727272727273,732.569743389091,38.18181818181818
51,25,Rural,Regular,21,4.43,Evening,1,38,200.2582591,1.275,1.52,388.1005061358,93.8
22,5,Urban,Regular,75,4.39,Night,1,19,128.0167602,0.55,2.2,225.30949795200002,76.00000000000003
21,7,Rural,Regular,6,4.96,Afternoon,1,180,836.1164186,0.525,1.5714285714285714,1051.1177833828572,25.714285714285722
55,21,Rural,Silver,49,4.59,Morning,0,111,471.0890519,1.375,1.8095238095238095,1172.1144267511904,148.8095238095238
42,31,Rural,Gold,32,4.75,Night,0,12,50.64017558,1.05,1.2258064516129032,65.17880663361291,28.709677419354858
86,26,Rural,Silver,31,3.69,Afternoon,0,85,263.1611767,1.0617283950617284,1.4615384615384615,408.36216783266855,55.17568850902184
48,18,Rural,Silver,60,4.47,Afternoon,1,124,524.1655595,1.2,2.111111111111111,1327.8860840666666,153.33333333333334
82,65,Urban,Gold,43,4.8,Night,1,112,330.2265438,1.0123456790123457,0.5846153846153846,267.44273176888896,-19.012345679012324
63,48,Rural,Regular,88,4.09,Morning,0,70,212.7407519,1.575,0.7916666666666666,268.053347394,26.00000000000001
44,24,Urban,Regular,83,3.61,Night,0,13,48.92895254,1.1,1.5833333333333333,85.21792567383334,74.16666666666669
39,18,Suburban,Gold,78,4.21,Afternoon,0,165,734.395119,0.975,2.111111111111111,1511.629953275,105.83333333333331
23,7,Rural,Gold,98,4.35,Morning,0,76,281.3395023,0.575,1.5714285714285714,353.68394574857143,25.71428571428572
31,7,Rural,Silver,27,4.73,Morning,1,141,476.2898578,0.775,1.5714285714285714,598.7643926628572,25.714285714285722
44,7,Rural,Regular,55,3.66,Night,1,103,490.3421583,1.1,1.5714285714285714,847.5914450614285,72.85714285714285
23,5,Urban,Gold,92,3.71,Night,0,105,363.4447759,0.575,2.2,639.6628055840001,76.00000000000003
63,46,Urban,Silver,36,4.59,Morning,0,18,49.83993576,1.575,0.8260869565217391,64.8460903312174,30.108695652173918
25,15,Urban,Gold,15,4.18,Morning,1,176,516.829559,0.625,2.533333333333333,1047.4412395733334,102.66666666666669
27,11,Rural,Regular,1,4.34,Night,0,99,262.6864664,0.675,1.0,210.14917312,-19.99999999999999
57,28,Urban,Gold,27,4.58,Afternoon,0,107,423.5098574,1.425,1.3571428571428572,819.0378135075001,93.39285714285718
83,26,Suburban,Gold,77,3.62,Night,1,74,373.9756358,1.0246913580246915,1.4615384615384615,560.0755723234569,49.76258309591644
80,5,Suburban,Regular,53,3.67,Evening,1,48,184.2429447,2.0,2.2,810.6689566800001,340.00000000000006
50,40,Rural,Silver,61,4.7,Evening,1,73,319.1109829,1.25,0.95,378.94429219375,18.75
84,8,Rural,Gold,21,4.63,Night,0,172,549.2008068,1.037037037037037,1.375,783.1196689555555,42.59259259259259
90,54,Rural,Regular,1,3.59,Afternoon,1,87,427.8571629,1.1111111111111112,0.7037037037037037,380.31747813333334,-11.111111111111107
28,9,Urban,Silver,68,4.82,Evening,1,43,164.3163905,0.7,1.2222222222222223,160.66491515555558,-2.2222222222222165
97,64,Rural,Silver,62,3.52,Morning,1,152,638.1340202,1.1975308641975309,0.59375,611.3481477471605,-4.19753086419753
99,22,Suburban,Silver,7,4.4,Morning,0,39,131.4435872,1.2222222222222223,1.7272727272727273,277.4920174222222,111.1111111111111
96,53,Rural,Regular,58,4.28,Afternoon,0,21,55.6373708,1.1851851851851851,0.7169811320754716,52.752470091851855,-5.185185185185179
88,69,Rural,Gold,89,3.6,Evening,1,107,467.9274949,1.0864197530864197,0.5507246376811594,406.69253877728397,-13.086419753086414
53,17,Rural,Silver,78,4.03,Afternoon,1,26,120.2471929,1.325,2.235294117647059,356.14389191264706,196.17647058823528
28,14,Rural,Silver,77,3.58,Afternoon,0,98,374.6551828,0.7,2.7142857142857144,813.5369683657143,117.14285714285717
59,21,Rural,Regular,97,3.6,Afternoon,1,67,269.4441402,1.475,1.8095238095238095,719.1592408671429,166.90476190476193
50,27,Suburban,Gold,100,4.22,Morning,1,173,685.6696936,1.25,1.4074074074074074,1206.2707572592592,75.92592592592592
89,8,Urban,Gold,40,3.59,Morning,1,151,528.0024896,1.0987654320987654,1.375,797.7074649975308,51.08024691358024
83,34,Urban,Silver,96,4.71,Evening,1,176,812.0729939,1.0246913580246915,1.1176470588235294,930.0211411621643,14.524328249818467
73,14,Urban,Gold,28,4.31,Evening,0,29,118.9730584,1.825,2.7142857142857144,589.34154286,395.3571428571429
76,35,Suburban,Regular,8,4.89,Afternoon,1,138,406.5899108,1.9,1.0857142857142856,838.7369017074285,106.28571428571428
56,35,Rural,Silver,33,3.97,Morning,0,47,134.7758295,1.4,1.0857142857142856,204.85926083999996,51.99999999999999
40,20,Rural,Regular,11,4.4,Afternoon,0,83,343.79852,1.0,1.9,653.217188,89.99999999999999
27,6,Urban,Silver,92,3.73,Night,1,125,460.2837625,0.675,1.8333333333333333,675.0828516666668,46.666666666666686
32,7,Urban,Regular,79,4.05,Morning,0,83,306.3904612,0.8,1.5714285714285714,385.1765797942857,25.71428571428571
48,24,Urban,Silver,35,4.2,Night,1,51,251.4211394,1.2,1.5833333333333333,477.70016486,90.0
71,41,Urban,Gold,31,3.81,Afternoon,1,140,614.6367132,1.775,0.926829268292683,1011.1523489107317,64.51219512195121
53,6,Rural,Silver,74,4.12,Night,0,76,231.1651668,1.325,1.8333333333333333,561.538717685,142.91666666666666
87,44,Rural,Silver,61,3.87,Evening,1,16,117.7636645,1.0740740740740742,0.8636363636363636,109.23868542003368,-7.239057239057238
36,16,Urban,Regular,82,4.62,Afternoon,1,72,253.4912438,0.9,2.375,541.8375336225,113.75
39,20,Rural,Gold,71,4.11,Morning,0,111,404.5983992,0.975,1.9,749.5185345179999,85.24999999999997
91,81,Rural,Gold,15,4.68,Evening,1,20,135.1772701,1.123456790123457,0.4691358024691358,121.49265757135804,-10.12345679012344
31,18,Urban,Regular,46,4.86,Night,0,128,360.8585507,0.775,2.111111111111111,609.449996737778,68.88888888888893
94,67,Suburban,Silver,34,4.64,Night,1,64,231.3263185,1.1604938271604939,0.5671641791044776,214.76221174320992,-7.160493827160481
83,18,Urban,Gold,12,4.98,Morning,0,81,286.4092944,1.0246913580246915,2.111111111111111,619.5712719736626,116.32373113854597
34,9,Urban,Silver,65,4.69,Afternoon,1,107,508.7118175,0.85,1.2222222222222223,528.4950548472223,3.888888888888898
32,6,Rural,Gold,75,4.47,Morning,1,154,721.7212691,0.8,1.8333333333333333,1058.5245280133333,46.66666666666667
22,7,Urban,Gold,15,3.53,Evening,1,180,552.2693747,0.55,1.5714285714285714,694.281499622857,25.714285714285705
49,20,Rural,Silver,52,4.74,Afternoon,1,162,510.6268914,1.225,1.9,1188.4840897335,132.75
61,38,Urban,Silver,95,3.5,Night,0,164,415.9794524,1.525,1.0,634.36866491,52.49999999999999
21,9,Urban,Gold,48,4.4,Afternoon,1,152,660.059708,0.525,1.2222222222222223,645.391714488889,-2.2222222222222108
40,18,Urban,Silver,16,4.59,Afternoon,1,157,644.0445755,1.0,2.111111111111111,1359.6496593888887,111.1111111111111
22,6,Urban,Silver,82,4.3,Morning,1,172,710.8843138,0.55,1.8333333333333333,1042.6303269066668,46.66666666666669
34,11,Suburban,Gold,66,4.59,Morning,0,134,478.2001536,0.85,1.0,406.47013056000003,-14.999999999999996
56,31,Rural,Silver,9,4.79,Afternoon,1,167,744.4180992,1.4,1.2258064516129032,1277.517512175484,71.61290322580646
93,36,Urban,Gold,60,4.63,Afternoon,0,111,478.7697584,1.1481481481481481,1.0555555555555556,580.2374232460905,21.193415637860085
38,9,Suburban,Gold,57,4.26,Morning,1,16,104.0560727,0.95,1.2222222222222223,120.82066219055557,16.11111111111112
76,26,Suburban,Silver,74,4.18,Evening,1,159,486.1839276,1.9,1.4615384615384615,1350.0953681815383,177.69230769230765
47,24,Suburban,Silver,11,3.62,Night,1,148,657.0936874,1.175,1.5833333333333333,1222.4680476004166,86.04166666666666
64,10,Urban,Silver,62,4.98,Evening,0,38,96.30074138,1.6,1.1,169.48930482880004,76.00000000000003
56,10,Rural,Gold,28,3.8,Afternoon,0,144,609.9082747,1.4,1.1,939.258743038,54.0
44,25,Rural,Silver,32,4.43,Night,1,154,502.1012063,1.1,1.52,839.5132169336001,67.20000000000003
34,6,Rural,Regular,11,3.75,Morning,0,179,465.7190585,0.85,1.8333333333333333,725.7455328291666,55.8333333333333
45,18,Suburban,Silver,70,3.84,Night,0,122,308.4359179,1.125,2.111111111111111,732.5353050125,137.5
31,7,Rural,Regular,22,4.88,Afternoon,1,172,806.0212702,0.775,1.5714285714285714,1013.2838825371429,25.71428571428571
95,28,Rural,Regular,34,4.48,Evening,0,163,576.967572,1.1728395061728396,1.3571428571428572,918.3654915873018,59.171075837742535
82,59,Rural,Regular,39,3.5,Night,1,67,284.2944207,1.0123456790123457,0.6440677966101694,230.2433826903704,-19.012345679012334
95,38,Urban,Silver,39,3.71,Afternoon,1,97,478.3662772,1.1728395061728396,1.0,561.0468683209878,17.28395061728397
27,12,Suburban,Silver,1,4.93,Evening,0,41,119.4824,0.675,3.1666666666666665,302.68874666666665,153.33333333333331
94,23,Suburban,Regular,71,4.15,Night,1,154,532.5097779,1.1604938271604939,1.6521739130434783,1021.0010341700483,91.7337627482555
66,15,Urban,Silver,88,4.21,Evening,1,65,291.9008795,1.65,2.533333333333333,1220.1456763099998,318.0
40,6,Rural,Gold,37,4.75,Afternoon,1,148,707.8553932,1.0,1.8333333333333333,1297.7348875333332,83.33333333333333
56,27,Suburban,Silver,62,4.74,Evening,1,129,435.7154538,1.4,1.4074074074074074,858.5208200799999,97.03703703703702
54,6,Suburban,Gold,48,4.26,Morning,0,154,504.0841142,1.35,1.8333333333333333,1247.608182645,147.5
46,15,Suburban,Silver,96,4.69,Morning,1,116,497.3770093,1.15,2.533333333333333,1449.0250204273332,191.3333333333333
65,16,Suburban,Silver,82,3.62,Evening,1,146,460.8002859,1.625,2.375,1778.4011033953125,285.93749999999994
96,48,Urban,Gold,11,4.19,Night,0,79,272.4960776,1.1851851851851851,0.7916666666666666,258.36665135407407,-5.185185185185181
47,9,Suburban,Gold,88,4.06,Night,0,93,246.9535423,1.175,1.2222222222222223,354.65272602527784,43.611111111111136
20,7,Urban,Silver,55,4.43,Night,0,153,482.7422075,0.5,1.5714285714285714,606.875918,25.714285714285705
94,57,Suburban,Regular,13,4.04,Afternoon,0,60,205.4957596,1.1604938271604939,0.6666666666666666,190.78124841876547,-7.16049382716048
52,30,Suburban,Silver,25,3.67,Night,0,142,531.6062153,1.3,1.2666666666666666,875.3782345273335,64.66666666666669
71,6,Suburban,Gold,48,4.05,Afternoon,0,157,550.9983737,1.775,1.8333333333333333,1793.040541082083,225.41666666666663
46,8,Rural,Gold,39,3.97,Evening,1,123,396.9586998,1.15,1.375,627.6909440587499,58.124999999999986
53,40,Urban,Regular,13,3.79,Night,0,118,318.2115758,1.325,0.95,400.5488210382499,25.874999999999975
26,11,Urban,Regular,97,3.64,Morning,0,141,427.0550612,0.65,1.0,341.64404896,-20.0
100,46,Suburban,Gold,74,3.74,Afternoon,0,171,448.3128535,1.2345679012345678,0.8260869565217391,457.2165440955448,1.986044015029515
74,38,Urban,Regular,95,5.0,Evening,0,167,455.4083399,1.85,1.0,842.5054288150001,85.00000000000001
53,5,Rural,Gold,100,4.46,Night,1,33,179.1708197,1.325,2.2,522.2829394255,191.49999999999997
75,63,Urban,Gold,24,4.18,Afternoon,0,29,104.1858826,1.875,0.6031746031746031,156.2788239,49.99999999999999
44,9,Suburban,Regular,54,4.2,Morning,1,13,91.67748869,1.1,1.2222222222222223,123.25529034988891,34.444444444444464
76,60,Suburban,Regular,81,3.6,Evening,1,72,264.0857364,1.9,0.6333333333333333,401.41031932799996,52.0
88,18,Suburban,Silver,80,4.83,Evening,0,109,424.6569323,1.0864197530864197,2.111111111111111,973.9731012422496,129.35528120713306
54,35,Rural,Gold,95,4.98,Evening,1,61,218.9504185,1.35,1.0857142857142856,320.9187562585715,46.571428571428584
49,30,Urban,Regular,7,3.97,Afternoon,1,77,248.1703336,1.225,1.2666666666666666,385.0776343026667,55.166666666666686
25,8,Urban,Silver,11,4.0,Afternoon,0,109,422.4367392,0.625,1.375,464.68041312,10.000000000000012
36,18,Suburban,Gold,15,4.21,Afternoon,0,86,280.5240757,0.9,2.111111111111111,532.99574383,89.99999999999999
42,25,Suburban,Silver,44,4.99,Morning,1,122,565.9834811,1.05,1.52,903.3096358355999,59.599999999999994
29,14,Rural,Gold,2,4.69,Night,1,180,828.2131346,0.725,2.7142857142857144,1798.4056637028573,117.14285714285717
52,16,Urban,Silver,63,4.13,Morning,0,49,132.8468058,1.3,2.375,410.1645129075,208.75000000000003
37,6,Rural,Gold,59,4.73,Evening,0,20,86.17345484,0.925,1.8333333333333333,146.13581716616667,69.58333333333333
91,17,Rural,Gold,21,4.84,Afternoon,1,149,545.3868063,1.123456790123457,2.235294117647059,1369.6060829233115,151.12563543936093
29,8,Rural,Silver,79,4.26,Morning,1,133,531.0619846,0.725,1.375,584.16818306,10.000000000000018
62,45,Rural,Regular,87,4.74,Afternoon,1,20,108.6023565,1.55,0.8444444444444444,142.14841773,30.888888888888893
69,7,Urban,Regular,51,4.56,Afternoon,1,103,462.6630441,1.725,1.5714285714285714,1254.1473231139287,171.0714285714286
32,14,Suburban,Silver,80,3.56,Afternoon,1,80,254.9510771,0.8,2.7142857142857144,553.6080531314286,117.14285714285715
78,31,Urban,Gold,6,3.78,Evening,1,64,271.012665,1.95,1.2258064516129032,647.8076927903226,139.0322580645161
53,10,Rural,Silver,10,3.58,Evening,0,168,424.4884285,1.325,1.1,618.6918845387501,45.750000000000014
60,50,Suburban,Silver,54,4.57,Afternoon,1,38,151.7772865,1.5,0.76,182.13274380000004,20.000000000000025
97,58,Urban,Gold,1,4.11,Morning,1,83,383.0749064,1.1975308641975309,0.6551724137931034,366.9952189708642,-4.197530864197527
87,77,Urban,Gold,12,3.56,Night,1,11,97.78450586,1.0740740740740742,0.4935064935064935,84.02224207229631,-14.074074074074058
74,20,Rural,Silver,68,4.36,Night,0,32,119.5940733,1.85,1.9,420.37316764950003,251.5
90,58,Urban,Gold,1,4.7,Afternoon,1,21,126.5727707,1.1111111111111112,0.6551724137931034,112.50912951111113,-11.111111111111104
21,8,Rural,Regular,69,4.24,Afternoon,1,176,829.5343799,0.525,1.375,912.4878178900001,10.000000000000012
70,35,Urban,Silver,35,4.9,Night,1,108,418.8153495,1.75,1.0857142857142856,795.74916405,89.99999999999999
37,7,Suburban,Regular,1,3.92,Evening,0,62,233.2131028,0.925,1.5714285714285714,338.9919029985714,45.35714285714284
30,11,Rural,Gold,93,3.56,Night,1,155,701.1414725,0.75,1.0,560.913178,-19.999999999999993
64,22,Urban,Regular,26,4.24,Evening,1,115,388.7296675,1.6,1.7272727272727273,1074.3074447272727,176.36363636363635
40,23,Urban,Silver,6,3.96,Night,0,178,528.6080729,1.0,1.6521739130434783,873.3524682695653,65.21739130434784
28,18,Urban,Gold,100,3.62,Afternoon,1,92,382.0384386,0.7,2.111111111111111,645.2204740800001,68.88888888888893
85,19,Rural,Gold,17,3.69,Morning,0,164,587.3312643,1.0493827160493827,2.0,1232.6705547037038,109.87654320987654
92,77,Urban,Gold,100,4.26,Night,0,47,167.7398193,1.1358024691358024,0.4935064935064935,152.41544074666666,-9.135802469135802
93,56,Suburban,Regular,56,4.65,Evening,1,86,304.8360145,1.1481481481481481,0.6785714285714286,279.9975244296296,-8.148148148148149
36,25,Rural,Regular,26,3.57,Afternoon,0,122,354.154098,0.9,1.52,484.482806064,36.800000000000004
94,50,Suburban,Regular,88,4.95,Night,1,49,250.4603273,1.1604938271604939,0.76,232.52613102419755,-7.16049382716048
27,8,Rural,Gold,48,4.18,Afternoon,0,167,495.2197782,0.675,1.375,544.74175602,10.000000000000004
86,41,Rural,Regular,96,4.5,Morning,1,68,301.5483736,1.0617283950617284,0.926829268292683,296.7359484868413,-1.5959048479373616
22,11,Rural,Regular,39,4.63,Evening,0,101,433.0345436,0.55,1.0,346.42763488,-19.999999999999996
95,56,Rural,Silver,86,3.79,Morning,1,147,671.4712089,1.1728395061728396,0.6785714285714286,630.0223688444445,-6.172839506172829
99,89,Urban,Silver,63,4.84,Afternoon,0,16,49.71329086,1.2222222222222223,0.42696629213483145,48.608551063111115,-2.222222222222216
22,8,Rural,Regular,4,4.84,Morning,0,122,408.12977,0.55,1.375,448.94274700000005,10.000000000000012
100,85,Suburban,Silver,59,4.46,Evening,0,110,329.4837131,1.2345679012345678,0.4470588235294118,325.4160129382716,-1.2345679012345683
61,38,Rural,Silver,100,4.34,Evening,1,78,383.3178042,1.525,1.0,584.559651405,52.49999999999998
33,18,Suburban,Gold,7,4.01,Night,0,105,313.068157,0.825,2.111111111111111,545.2603734416666,74.16666666666666
39,22,Rural,Gold,63,3.87,Evening,1,170,706.6896359,0.975,1.7272727272727273,1190.1295913679546,68.40909090909092
37,5,Urban,Silver,75,3.88,Evening,1,26,142.6153122,0.925,2.2,290.22216032700004,103.50000000000001
95,53,Suburban,Silver,6,4.01,Afternoon,1,158,708.8224028,1.1728395061728396,0.7169811320754716,665.0679334913581,-6.172839506172827
28,6,Suburban,Gold,54,4.03,Afternoon,1,168,593.065918,0.7,1.8333333333333333,869.8300130666668,46.66666666666668
66,17,Urban,Gold,84,4.47,Night,0,139,604.3834015,1.65,2.235294117647059,2229.1081925911762,268.8235294117647
60,11,Suburban,Gold,18,4.29,Evening,0,26,100.2582627,1.5,1.0,150.38739405,50.000000000000014
94,34,Suburban,Gold,99,4.54,Afternoon,1,155,685.7612505,1.1604938271604939,1.1176470588235294,889.4477802418301,29.702251270878726
63,12,Urban,Silver,54,4.47,Evening,1,140,446.4130123,1.575,3.1666666666666665,2226.48489884625,398.75
38,8,Suburban,Silver,59,4.44,Night,1,75,291.1079368,0.95,1.375,380.259742445,30.624999999999993
35,21,Suburban,Silver,13,4.14,Morning,1,36,193.6423939,0.875,1.8095238095238095,306.6004570083333,58.333333333333314
83,64,Suburban,Gold,78,4.01,Evening,0,109,304.52613,1.0246913580246915,0.59375,249.63623496296302,-18.02469135802468
62,14,Rural,Silver,33,4.23,Morning,1,85,386.8349333,1.55,2.7142857142857144,1627.4698265264285,320.7142857142857
88,48,Urban,Gold,52,4.52,Night,0,92,230.8325858,1.0864197530864197,0.7916666666666666,200.62486469530864,-13.086419753086421
68,11,Rural,Silver,89,3.66,Evening,0,93,333.9106727,1.7,1.0,567.64814359,70.0
84,64,Urban,Regular,34,4.13,Evening,1,99,353.8098039,1.037037037037037,0.59375,293.53109656888887,-17.03703703703705
40,10,Urban,Regular,60,3.87,Night,1,79,293.1981343,1.0,1.1,322.51794773,10.000000000000004
93,20,Urban,Regular,38,4.78,Afternoon,1,144,447.0830688,1.1481481481481481,1.9,975.3034352711111,118.14814814814815
57,44,Urban,Gold,78,3.53,Evening,0,153,584.888885,1.425,0.8636363636363636,719.8121164261363,23.068181818181817
67,16,Suburban,Gold,24,4.52,Evening,1,150,488.1872512,1.675,2.375,1942.06990868,297.8125
68,16,Urban,Silver,91,4.49,Night,0,77,246.7577555,1.7,2.375,996.2844378312499,303.74999999999994
38,22,Urban,Gold,60,3.6,Morning,1,104,312.1731588,0.95,1.7272727272727273,512.2477742127272,64.09090909090907
49,28,Urban,Silver,61,3.9,Evening,1,172,576.2811193,1.225,1.3571428571428572,958.06736083625,66.25000000000001
98,59,Urban,Regular,55,4.6,Morning,0,100,381.3912054,1.2098765432098766,0.6440677966101694,369.14901856,-3.2098765432098735
47,9,Suburban,Gold,38,4.06,Morning,0,141,543.7702542,1.175,1.2222222222222223,780.9145039483334,43.611111111111136
27,11,Urban,Regular,97,4.78,Evening,1,137,472.5224038,0.675,1.0,378.01792304,-19.999999999999996
59,29,Urban,Regular,68,4.4,Night,1,88,286.0589701,1.475,1.3103448275862069,552.8829404863793,93.27586206896551
56,20,Urban,Regular,74,4.05,Evening,0,25,88.95619552,1.4,1.9,236.62348008319995,165.99999999999997
50,39,Urban,Gold,62,3.95,Morning,1,135,646.9811779,1.25,0.9743589743589743,787.9898961602564,21.79487179487179
93,37,Urban,Gold,37,4.75,Night,0,76,292.9246564,1.1481481481481481,1.027027027027027,345.41065589509503,17.917917917917894
46,22,Rural,Regular,97,3.51,Morning,0,100,395.7698468,1.15,1.7272727272727273,786.1428320527273,98.63636363636364
56,19,Suburban,Silver,16,4.46,Evening,1,86,279.6798101,1.4,2.0,783.1034682799999,179.99999999999997
37,16,Suburban,Gold,8,4.5,Evening,0,46,192.5029774,0.925,2.375,422.90497847562494,119.68749999999999
85,58,Urban,Regular,85,4.1,Night,1,92,351.7702933,1.0493827160493827,0.6551724137931034,295.3133326469136,-16.049382716049383
27,7,Urban,Regular,89,3.6,Morning,1,120,555.4019371,0.675,1.5714285714285714,698.2195780685715,25.714285714285722
44,16,Rural,Silver,31,3.96,Night,1,122,395.378157,1.1,2.375,1032.9254351625,161.25
75,51,Suburban,Regular,68,3.65,Afternoon,1,66,261.5103068,1.875,0.7450980392156863,392.2654602,49.999999999999986
21,11,Urban,Gold,46,3.84,Morning,0,103,397.5648404,0.525,1.0,318.05187232000003,-19.999999999999986
42,29,Suburban,Silver,67,4.59,Morning,1,153,735.2764383,1.05,1.3103448275862069,1011.6389616610345,37.58620689655173
25,15,Suburban,Silver,100,4.9,Night,1,94,289.4570095,0.625,2.533333333333333,586.6328725866667,102.66666666666666
67,46,Suburban,Regular,92,4.72,Morning,0,32,97.67500136,1.675,0.8260869565217391,135.15247470791303,38.36956521739129
29,6,Suburban,Silver,24,4.37,Afternoon,0,50,197.4639216,0.725,1.8333333333333333,289.61375168,46.66666666666668
100,70,Urban,Gold,42,4.9,Night,1,167,762.8822843,1.2345679012345678,0.5428571428571428,753.4639844938272,-1.2345679012345698
37,10,Suburban,Gold,27,4.26,Afternoon,0,143,512.4493927,0.925,1.1,521.41725707225,1.750000000000001
31,14,Urban,Gold,37,4.3,Night,1,103,484.4661864,0.775,2.7142857142857144,1051.98371904,117.14285714285717
49,12,Suburban,Silver,30,4.37,Afternoon,1,84,353.0184088,1.225,3.1666666666666665,1369.4172441366666,287.9166666666667
42,19,Rural,Regular,56,4.84,Evening,1,144,539.7316715,1.05,2.0,1133.43651015,110.00000000000003
61,5,Rural,Regular,48,4.15,Morning,0,29,114.1636548,1.525,2.2,383.01906185400003,235.5
24,7,Suburban,Gold,85,4.36,Night,0,169,521.408046,0.6,1.5714285714285714,655.4844006857143,25.714285714285705
20,10,Rural,Regular,18,4.28,Evening,1,123,450.3878805,0.5,1.1,396.34133484000006,-11.999999999999986
22,9,Urban,Silver,36,4.51,Evening,1,10,82.69156896,0.55,1.2222222222222223,80.85397853866667,-2.2222222222222197
98,87,Suburban,Regular,59,4.26,Afternoon,0,13,34.57409278,1.2098765432098766,0.4367816091954023,33.464307085827166,-3.209876543209864
30,14,Urban,Silver,64,4.45,Afternoon,0,147,535.1718879,0.75,2.7142857142857144,1162.0875280114287,117.14285714285717
32,13,Urban,Regular,75,4.56,Evening,1,111,333.4011668,0.8,2.923076923076923,779.64580544,133.84615384615387
22,12,Urban,Silver,49,4.88,Night,1,35,179.8388199,0.55,3.1666666666666665,455.59167708,153.33333333333331
62,8,Urban,Silver,13,4.2,Night,1,65,241.9912178,1.55,1.375,515.74378293625,113.12500000000003
51,27,Urban,Gold,8,4.31,Night,0,92,369.3803924,1.275,1.4074074074074074,662.8325930288888,79.44444444444443
85,74,Suburban,Regular,82,3.92,Evening,1,177,704.3001292,1.0493827160493827,0.5135135135135135,591.2643059950618,-16.049382716049372
28,9,Urban,Silver,26,3.95,Night,1,114,466.9720738,0.7,1.2222222222222223,456.59491660444445,-2.222222222222216
93,70,Suburban,Silver,21,3.81,Evening,0,12,41.12164472,1.1481481481481481,0.5428571428571428,37.77099218725926,-8.148148148148143
36,9,Suburban,Silver,53,4.46,Night,1,127,404.0297998,0.9,1.2222222222222223,444.43277978000003,10.000000000000014
80,22,Rural,Gold,17,4.4,Morning,0,141,423.754418,2.0,1.7272727272727273,1463.8788985454546,245.45454545454547
60,24,Rural,Regular,18,4.16,Morning,1,45,165.7246625,1.5,1.5833333333333333,393.59607343749997,137.5
97,45,Urban,Silver,90,3.71,Morning,1,151,578.8213878,1.1975308641975309,0.8444444444444444,585.3321359206585,1.124828532235949
53,14,Suburban,Silver,24,3.99,Afternoon,1,161,707.4493979,1.325,2.7142857142857144,2544.2912274475,259.6428571428572
79,22,Rural,Silver,53,3.96,Evening,1,126,542.809573,1.975,1.7272727272727273,1851.720838802273,241.13636363636365
44,24,Urban,Silver,55,4.08,Afternoon,1,137,513.9900767,1.1,1.5833333333333333,895.1993835858334,74.16666666666667
34,12,Suburban,Regular,3,4.83,Night,1,62,298.35562,0.85,3.1666666666666665,803.0738771666665,169.16666666666663
55,12,Urban,Silver,96,4.66,Morning,1,48,183.2701657,1.375,3.1666666666666665,797.9888464854166,335.41666666666663
49,29,Suburban,Regular,35,4.8,Evening,1,160,468.3069202,1.225,1.3103448275862069,751.7133494934483,60.51724137931035
72,54,Rural,Regular,68,3.85,Afternoon,0,74,220.4983368,1.8,0.7037037037037037,317.51760499200003,44.000000000000014
72,27,Urban,Gold,76,3.97,Morning,1,70,265.9466151,1.8,1.4074074074074074,673.73142492,153.33333333333337
99,6,Suburban,Gold,49,4.32,Afternoon,0,113,311.4894374,1.2222222222222223,1.8333333333333333,697.9670726925926,124.07407407407409
21,10,Rural,Regular,22,4.42,Morning,0,151,647.8477765,0.525,1.1,570.10604332,-11.999999999999996
50,25,Urban,Silver,89,4.74,Afternoon,0,107,383.914142,1.25,1.52,729.4368698000001,90.0
61,35,Rural,Silver,4,4.77,Morning,1,115,557.9161858,1.525,1.0857142857142856,923.7497990602856,65.57142857142854
24,5,Rural,Silver,57,4.96,Night,1,70,228.7960084,0.6,2.2,402.68097478400006,76.00000000000003
31,17,Rural,Silver,71,4.46,Evening,1,55,237.7686221,0.775,2.235294117647059,425.1862418729412,78.82352941176472
35,20,Suburban,Regular,62,3.55,Afternoon,0,117,297.0874039,0.875,1.9,493.90780898375,66.24999999999997
74,30,Urban,Regular,97,3.9,Evening,0,179,794.3231511,1.85,1.2666666666666666,1861.363917411,134.33333333333331
94,61,Urban,Regular,12,4.95,Evening,1,133,563.8497972,1.1604938271604939,0.6229508196721312,523.4753672770371,-7.160493827160486
44,11,Rural,Silver,31,3.92,Afternoon,1,110,339.2870735,1.1,1.0,373.21578085000004,10.000000000000005
84,37,Urban,Gold,3,3.83,Evening,1,69,248.9476554,1.037037037037037,1.027027027027027,265.1454507963964,6.506506506506509
27,12,Suburban,Regular,39,4.51,Morning,1,55,279.2686999,0.675,3.1666666666666665,707.4807064133333,153.33333333333334
59,36,Suburban,Regular,43,3.74,Evening,1,25,145.0422383,1.475,1.0555555555555556,225.82270713097225,55.69444444444446
82,20,Urban,Regular,59,3.99,Night,1,45,241.8259565,1.0123456790123457,1.9,465.14177805802467,92.34567901234568
24,10,Urban,Gold,24,4.09,Morning,1,97,430.6098548,0.6,1.1,378.93667222400006,-11.999999999999984
84,67,Suburban,Regular,48,4.87,Night,0,81,219.9937068,1.037037037037037,0.5671641791044776,182.51329749333334,-17.037037037037038
52,9,Suburban,Regular,24,4.19,Morning,0,102,366.7282586,1.3,1.2222222222222223,582.6904553311111,58.88888888888889
38,12,Rural,Silver,44,4.85,Evening,0,110,356.8814026,0.95,3.1666666666666665,1073.6182194883331,200.8333333333333
26,12,Urban,Regular,80,4.27,Afternoon,0,134,441.4714773,0.65,3.1666666666666665,1118.39440916,153.3333333333333
61,39,Suburban,Regular,82,4.49,Morning,1,46,230.1431448,1.525,0.9743589743589743,341.96910874769225,48.58974358974357
87,41,Rural,Gold,97,4.27,Afternoon,1,37,158.89198,1.0740740740740742,0.926829268292683,158.17431071364047,-0.45167118337849627
98,46,Suburban,Gold,55,4.71,Evening,0,173,766.9193242,1.2098765432098766,0.8260869565217391,766.5076659476114,-0.05367686527106988
24,13,Urban,Silver,54,4.09,Morning,0,161,466.7229822,0.6,2.923076923076923,1091.4137429907694,133.8461538461539
44,8,Urban,Gold,43,3.82,Night,0,86,233.5066238,1.1,1.375,353.1787684975,51.25000000000001
71,59,Urban,Regular,71,4.47,Evening,0,31,104.1037338,1.775,0.6440677966101694,147.827301996,41.999999999999986
91,59,Urban,Silver,68,4.77,Night,0,15,38.33576819,1.123456790123457,0.6440677966101694,34.45486326212347,-10.123456790123436
32,14,Urban,Gold,75,4.49,Night,0,177,761.0167601,0.8,2.7142857142857144,1652.4935362171432,117.14285714285717
79,24,Urban,Silver,0,4.26,Evening,0,82,284.8625063,1.975,1.5833333333333333,890.7887957422917,212.70833333333331
73,27,Urban,Regular,55,4.27,Morning,1,50,216.0601959,1.825,1.4074074074074074,554.9546142838889,156.85185185185185
32,16,Rural,Silver,80,4.78,Morning,0,11,39.3737012,0.8,2.375,74.81003228,90.0
22,10,Rural,Silver,5,4.44,Morning,1,129,471.7821019,0.55,1.1,415.16824967200006,-11.999999999999986
35,19,Urban,Silver,45,4.99,Afternoon,0,159,508.6730025,0.875,2.0,890.177754375,74.99999999999999
24,10,Suburban,Regular,79,4.3,Night,0,24,95.11851082,0.6,1.1,83.7042895216,-11.999999999999995
67,31,Rural,Gold,64,3.62,Night,0,169,735.1444901,1.675,1.2258064516129032,1509.4176385440321,105.32258064516127
100,73,Urban,Silver,95,3.98,Night,1,100,456.603073,1.2345679012345678,0.5205479452054794,450.9659980246913,-1.2345679012345758
66,16,Urban,Silver,94,4.52,Morning,0,34,122.2418752,1.65,2.375,479.03534843999995,291.875
96,36,Urban,Regular,57,4.06,Evening,1,139,599.8171406,1.1851851851851851,1.0555555555555556,750.3885215736625,25.1028806584362
60,8,Urban,Regular,68,4.84,Morning,1,144,438.5186068,1.5,1.375,904.444626525,106.25
92,31,Rural,Silver,54,3.91,Night,1,148,516.1330392,1.1358024691358024,1.2258064516129032,718.5986081414575,39.227399442453184
92,49,Urban,Silver,9,4.23,Evening,1,89,397.4831041,1.1358024691358024,0.7755102040816326,361.16983286123457,-9.1358024691358
56,37,Urban,Silver,27,4.12,Afternoon,1,68,317.8400261,1.4,1.027027027027027,457.00241590594584,43.783783783783754
88,71,Rural,Regular,42,4.87,Afternoon,1,109,330.7836403,1.0864197530864197,0.5352112676056338,287.49590465580246,-13.086419753086423
87,47,Rural,Silver,6,4.54,Morning,1,162,743.3166378,1.0740740740740742,0.8085106382978723,645.4964025654846,-13.15996847911742
85,6,Suburban,Gold,92,4.11,Afternoon,0,73,274.1712773,1.0493827160493827,1.8333333333333333,527.4694326656378,92.38683127572016
98,54,Rural,Regular,34,4.57,Evening,1,113,462.4075929,1.2098765432098766,0.7037037037037037,447.5648800414815,-3.209876543209872
28,14,Rural,Regular,24,4.2,Afternoon,0,147,533.0802632,0.7,2.7142857142857144,1157.545714377143,117.14285714285717
36,9,Suburban,Silver,22,3.51,Night,1,37,143.2178422,0.9,1.2222222222222223,157.53962642000002,10.000000000000007
20,8,Suburban,Silver,38,4.82,Night,1,155,574.9456425,0.5,1.375,632.44020675,10.00000000000001
94,36,Rural,Regular,41,4.57,Morning,0,76,215.7417616,1.1604938271604939,1.0555555555555556,264.2762594085048,22.496570644718805
94,82,Suburban,Gold,48,4.92,Morning,1,20,129.7685299,1.1604938271604939,0.4634146341463415,120.47646232691359,-7.160493827160488
70,7,Urban,Regular,13,4.09,Afternoon,0,117,321.0007658,1.75,1.5714285714285714,882.75210595,175.0
90,71,Suburban,Regular,37,3.51,Morning,1,32,172.592775,1.1111111111111112,0.5352112676056338,153.4158,-11.11111111111111
42,10,Urban,Silver,56,4.01,Night,1,95,455.2097852,1.05,1.1,525.7673019060001,15.500000000000014
44,18,Suburban,Gold,88,3.67,Night,1,50,199.8397441,1.1,2.111111111111111,464.0722946322222,132.22222222222223
60,16,Suburban,Regular,28,3.91,Evening,0,105,281.0970651,1.5,2.375,1001.4082944187501,256.25
26,5,Rural,Silver,7,4.75,Afternoon,1,140,413.5480019,0.65,2.2,727.8444833440001,76.00000000000003
79,13,Rural,Regular,6,4.63,Afternoon,0,38,134.0943259,1.975,2.923076923076923,774.1368583688461,477.3076923076922
26,8,Rural,Gold,65,3.58,Night,1,89,378.5039616,0.65,1.375,416.3543577600001,10.000000000000014
62,7,Urban,Silver,2,4.71,Morning,1,28,162.0535855,1.55,1.5714285714285714,394.71623325357143,143.57142857142858
42,16,Rural,Gold,33,3.63,Morning,0,166,513.1161278,1.05,2.375,1279.5833437012498,149.37499999999997
57,16,Urban,Regular,0,3.95,Afternoon,0,97,308.6385555,1.425,2.375,1044.5486112703124,238.4375
33,13,Rural,Gold,34,4.78,Morning,0,66,239.0885465,0.825,2.923076923076923,576.5712255980769,141.15384615384613
22,10,Rural,Regular,26,4.97,Morning,0,170,562.1650161,0.55,1.1,494.70521416800005,-11.999999999999991
67,44,Urban,Regular,27,4.69,Morning,0,129,467.0198949,1.675,0.8636363636363636,675.5867343269318,44.659090909090914
62,15,Suburban,Silver,15,4.28,Night,0,73,327.4333417,1.55,2.533333333333333,1285.7215884086668,292.6666666666667
95,49,Rural,Regular,92,4.27,Night,1,99,332.0936161,1.1728395061728396,0.7755102040816326,311.59401016790133,-6.172839506172816
61,36,Urban,Silver,72,4.64,Night,1,109,457.0853189,1.525,1.0555555555555556,735.7803952848611,60.97222222222223
48,12,Rural,Silver,25,4.26,Night,0,180,552.8162271,1.2,3.1666666666666665,2100.70166298,280.0
93,59,Rural,Regular,30,4.11,Afternoon,1,89,281.0521289,1.1481481481481481,0.6440677966101694,258.1515850637037,-8.148148148148158
59,18,Urban,Gold,67,3.86,Morning,0,98,288.345153,1.475,2.111111111111111,897.8747680916666,211.38888888888889
95,73,Urban,Regular,20,3.59,Evening,1,138,666.824206,1.1728395061728396,0.5205479452054794,625.6622179753087,-6.172839506172824
71,33,Suburban,Regular,4,4.88,Evening,1,109,436.0192373,1.775,1.1515151515151516,891.1968956328787,104.39393939393939
20,7,Suburban,Gold,71,3.83,Morning,1,51,248.2203068,0.5,1.5714285714285714,312.04838569142856,25.71428571428571
23,7,Urban,Gold,96,3.97,Afternoon,1,165,493.233884,0.575,1.5714285714285714,620.0654541714285,25.71428571428571
80,69,Suburban,Silver,94,4.44,Night,0,74,291.5110821,2.0,0.5507246376811594,466.41773136000006,60.00000000000002
58,10,Urban,Gold,51,4.27,Night,1,138,459.0606515,1.45,1.1,732.2017391425,59.499999999999986
71,25,Urban,Gold,72,4.46,Evening,0,169,603.9358824,1.775,1.52,1629.4190107151999,169.79999999999998
69,26,Rural,Gold,48,4.28,Evening,1,175,502.6040622,1.725,1.4615384615384615,1267.1421645080768,152.11538461538458
89,54,Suburban,Gold,48,4.38,Afternoon,0,24,74.78832689,1.0987654320987654,0.7037037037037037,65.73986264898765,-12.098765432098759
84,62,Urban,Silver,52,4.61,Afternoon,0,29,126.2308115,1.037037037037037,0.6129032258064516,104.72482139259259,-17.03703703703704
98,61,Urban,Silver,91,4.28,Night,0,95,319.9423796,1.2098765432098766,0.6229508196721312,309.6726242054321,-3.2098765432098704
95,25,Urban,Gold,26,3.62,Morning,0,81,207.6129192,1.1728395061728396,1.52,370.1148831170371,78.27160493827165
79,29,Rural,Silver,29,4.22,Night,0,99,304.7441779,1.975,1.3103448275862069,788.6569155653449,158.79310344827587
82,10,Urban,Silver,97,4.43,Night,0,177,481.7658793,1.0123456790123457,1.1,536.4849668254323,11.358024691358057
87,5,Rural,Gold,6,3.76,Evening,0,28,83.33537482,1.0740740740740742,2.2,196.91840420429634,136.29629629629636
83,35,Rural,Gold,3,4.32,Night,1,116,513.6451022,1.0246913580246915,1.0857142857142856,571.4414999431393,11.252204585537918
47,9,Rural,Regular,5,4.81,Night,1,178,561.3748775,1.175,1.2222222222222223,806.1966990763891,43.61111111111114
34,7,Urban,Silver,54,4.71,Night,1,149,516.5111729,0.85,1.5714285714285714,689.9113523735714,33.571428571428555
26,13,Rural,Regular,14,4.19,Morning,0,174,666.4286806,0.65,2.923076923076923,1558.4178377107694,133.84615384615387
88,7,Rural,Gold,11,3.64,Night,1,130,573.2085394,1.0864197530864197,1.5714285714285714,978.5994111802468,70.72310405643738
57,26,Rural,Regular,92,3.8,Evening,1,67,283.7979252,1.425,1.4615384615384615,591.063755753077,108.26923076923079
45,17,Rural,Silver,67,4.7,Afternoon,0,15,66.78323719,1.125,2.235294117647059,167.9401994042647,151.47058823529412
82,26,Urban,Gold,35,4.71,Morning,0,114,289.2390325,1.0123456790123457,1.4615384615384615,427.9529084852802,47.95821462488131
54,39,Rural,Gold,88,4.59,Evening,0,42,147.4263866,1.35,0.9743589743589743,193.92240083538462,31.538461538461544
95,24,Suburban,Gold,79,3.5,Afternoon,0,130,552.2304431,1.1728395061728396,1.5833333333333333,1025.4896602834363,85.69958847736626
63,31,Suburban,Silver,2,3.81,Evening,1,160,632.5601419,1.575,1.2258064516129032,1221.2491771843547,93.06451612903224
43,18,Urban,Gold,58,4.22,Evening,0,156,494.7452575,1.075,2.111111111111111,1122.796876048611,126.94444444444444
33,14,Suburban,Regular,87,4.81,Evening,1,17,118.9865334,0.825,2.7142857142857144,266.444844435,123.92857142857143
33,23,Urban,Gold,24,4.21,Morning,1,11,91.38952597,0.825,1.6521739130434783,124.56789735476086,36.30434782608695
84,29,Urban,Regular,92,4.55,Morning,1,94,424.1559867,1.037037037037037,1.3103448275862069,576.3754404199233,35.88761174968069
44,6,Suburban,Gold,80,4.13,Night,1,40,157.3648303,1.1,1.8333333333333333,317.35240777166666,101.66666666666666
53,27,Suburban,Regular,78,3.63,Night,1,58,279.0950483,1.325,1.4074074074074074,520.4605808112963,86.4814814814815
78,63,Rural,Gold,14,4.21,Afternoon,0,147,655.0651055,1.95,0.6031746031746031,1021.90156458,56.000000000000014
